ATT1,ATT2,ATT3,ATT4,ATT5,ATT6,ATT7,ATT8,ATT9,ATT10,ATT11,ATT12,ATT13,CRIM,ZN,INDUS,CHAS,NOX,RM,AGE,DIS,RAD,TAX,PTRATIO,B,LSTAT,MEDV
0.038327,0.592379,0.655174,0.119839,0.652477,0.984323,0.206738,0.37465,0.46335,0.33361,0.443212,0.504136,0.998981,0.00632,18,2.31,0,0.538,6.575,65.2,4.09,1,296,15.3,396.9,4.98,24
0.225022,0.983103,0.803619,0.836315,0.163104,0.637497,0.00876,0.63119,0.207978,0.880357,0.707044,0.723372,0.509493,0.02731,0,7.07,0,0.469,6.421,78.9,4.9671,2,242,17.8,396.9,9.14,21.6
0.423233,0.375808,0.271293,0.729824,0.886744,0.043703,0.4577,0.86245,0.901924,0.062488,0.76382,0.4277,0.999183,0.02729,0,7.07,0,0.469,7.185,61.1,4.9671,2,242,17.8,392.83,4.03,34.7
0.74337,0.929103,0.589894,0.644012,0.11049,0.774604,0.306483,0.880599,0.630401,0.928894,0.196689,0.754646,0.157631,0.03237,0,2.18,0,0.458,6.998,45.8,6.0622,3,222,18.7,394.63,2.94,33.4
0.378623,0.786609,0.712752,0.110274,0.762133,0.030069,0.316631,0.667073,0.426443,0.400557,0.743762,0.365306,0.763755,0.06905,0,2.18,0,0.458,7.147,54.2,6.0622,3,222,18.7,396.9,5.33,36.2
0.512719,0.478676,0.131169,0.031796,0.444457,0.691521,0.719076,0.77795,0.288101,0.781355,0.966254,0.996523,0.239106,0.02985,0,2.18,0,0.458,6.43,58.7,6.0622,3,222,18.7,394.12,5.21,28.7
0.371941,0.857127,0.807076,0.388729,0.265246,0.032373,0.669785,0.074361,0.609141,0.178662,0.029633,0.708154,0.277778,0.08829,12.5,7.87,0,0.524,6.012,66.6,5.5605,5,311,15.2,395.6,12.43,22.9
0.691226,0.349011,0.228136,0.1676,0.594631,0.80989,0.514929,0.348981,0.053093,0.60619,0.681526,0.583743,0.369752,0.14455,12.5,7.87,0,0.524,6.172,96.1,5.9505,5,311,15.2,396.9,19.15,27.1
0.686431,0.224574,0.444599,0.707614,0.029798,0.658894,0.315918,0.81577,0.155579,0.453404,0.319708,0.549693,0.522259,0.21124,12.5,7.87,0,0.524,5.631,100,6.0821,5,311,15.2,386.63,29.93,16.5
0.74786,0.379863,0.107704,0.766033,0.208782,0.945102,0.027574,0.746923,0.636326,0.938539,0.093859,0.959682,0.81878,0.17004,12.5,7.87,0,0.524,6.004,85.9,6.5921,5,311,15.2,386.71,17.1,18.9
0.833772,0.255716,0.64057,0.716492,0.801783,0.461383,0.11964,0.510583,0.742931,0.05687,0.559841,0.367996,0.882235,0.22489,12.5,7.87,0,0.524,6.377,94.3,6.3467,5,311,15.2,392.52,20.45,15
0.06046,0.071766,0.229253,0.222621,0.645459,0.292982,0.885505,0.544344,0.701811,0.183051,0.347333,0.039794,0.249285,0.11747,12.5,7.87,0,0.524,6.009,82.9,6.2267,5,311,15.2,396.9,13.27,18.9
0.707927,0.466092,0.80332,0.082084,0.479606,0.961182,0.238113,0.453188,0.481088,0.065748,0.108823,0.893238,0.864376,0.09378,12.5,7.87,0,0.524,5.889,39,5.4509,5,311,15.2,390.5,15.71,21.7
0.349781,0.129969,0.891994,0.431965,0.129873,0.669616,0.517706,0.554398,0.916763,0.380352,0.172498,0.133272,0.478372,0.62976,0,8.14,0,0.538,5.949,61.8,4.7075,4,307,21,396.9,8.26,20.4
0.60272,0.552196,0.530531,0.912981,0.943693,0.934496,0.173391,0.165558,0.922308,0.996062,0.7365,0.819015,0.581983,0.63796,0,8.14,0,0.538,6.096,84.5,4.4619,4,307,21,380.02,10.26,18.2
0.413509,0.465612,0.668876,0.312331,0.88842,0.721769,0.721435,0.521094,0.967329,0.748228,0.740945,0.850344,0.53305,0.62739,0,8.14,0,0.538,5.834,56.5,4.4986,4,307,21,395.62,8.47,19.9
0.746436,0.693804,0.065947,0.519111,0.811278,0.529625,0.721356,0.528968,0.628985,0.711968,0.357314,0.930963,0.262171,1.05393,0,8.14,0,0.538,5.935,29.3,4.4986,4,307,21,386.85,6.58,23.1
0.96585,0.317363,0.491337,0.96981,0.676968,0.768814,0.099076,0.420145,0.876458,0.775617,0.500493,0.326165,0.00705,0.7842,0,8.14,0,0.538,5.99,81.7,4.2579,4,307,21,386.75,14.67,17.5
0.362094,0.137419,0.306951,0.608128,0.239067,0.472055,0.080653,0.538994,0.804852,0.849638,0.093962,0.565148,0.947068,0.80271,0,8.14,0,0.538,5.456,36.6,3.7965,4,307,21,288.99,11.69,20.2
0.338515,0.479592,0.860321,0.5197,0.720625,0.043435,0.279124,0.776811,0.195114,0.592368,0.163075,0.611757,0.486869,0.7258,0,8.14,0,0.538,5.727,69.5,3.7965,4,307,21,390.95,11.28,18.2
0.471673,0.767731,0.821168,0.516041,0.147554,0.443755,0.018396,0.959208,0.064669,0.11756,0.899597,0.616826,0.491836,1.25179,0,8.14,0,0.538,5.57,98.1,3.7979,4,307,21,376.57,21.02,13.6
0.196371,0.47554,0.572311,0.284694,0.061952,0.092116,0.426465,0.210285,0.839862,0.000263,0.747347,0.681773,0.962371,0.85204,0,8.14,0,0.538,5.965,89.2,4.0123,4,307,21,392.53,13.83,19.6
0.177861,0.129111,0.723056,0.180322,0.333478,0.822739,0.196066,0.262238,0.065847,0.344539,0.759286,0.203715,0.450383,1.23247,0,8.14,0,0.538,6.142,91.7,3.9769,4,307,21,396.9,18.72,15.2
0.519395,0.700989,0.024813,0.638686,0.433898,0.38764,0.005913,0.908114,0.078529,0.894197,0.568063,0.817914,0.817983,0.98843,0,8.14,0,0.538,5.813,100,4.0952,4,307,21,394.54,19.88,14.5
0.779971,0.917871,0.603767,0.791296,0.464866,0.05774,0.745025,0.953412,0.074619,0.879717,0.776514,0.755489,0.649751,0.75026,0,8.14,0,0.538,5.924,94.1,4.3996,4,307,21,394.33,16.3,15.6
0.982472,0.157395,0.074936,0.679149,0.225957,0.711561,0.133566,0.551488,0.480275,0.771374,0.315165,0.941741,0.862476,0.84054,0,8.14,0,0.538,5.599,85.7,4.4546,4,307,21,303.42,16.51,13.9
0.935838,0.98955,0.028426,0.592415,0.894678,0.57297,0.504816,0.197502,0.307974,0.41758,0.905521,0.268599,0.338278,0.67191,0,8.14,0,0.538,5.813,90.3,4.682,4,307,21,376.88,14.81,16.6
0.995798,0.619286,0.694989,0.197279,0.402235,0.044621,0.274203,0.191401,0.711115,0.161528,0.503797,0.036159,0.348096,0.95577,0,8.14,0,0.538,6.047,88.8,4.4534,4,307,21,306.38,17.28,14.8
0.344013,0.329367,0.058935,0.639848,0.271923,0.833682,0.008939,0.323954,0.135224,0.268788,0.876915,0.631565,0.813586,0.77299,0,8.14,0,0.538,6.495,94.4,4.4547,4,307,21,387.94,12.8,18.4
0.309244,0.845774,0.051735,0.900348,0.448348,0.792178,0.505182,0.126911,0.504696,0.670188,0.122538,0.959658,0.502627,1.00245,0,8.14,0,0.538,6.674,87.3,4.239,4,307,21,380.23,11.98,21
0.477601,0.983557,0.397653,0.213767,0.559913,0.614692,0.736533,0.117461,0.834243,0.059856,0.911311,0.404634,0.087459,1.13081,0,8.14,0,0.538,5.713,94.1,4.233,4,307,21,360.17,22.6,12.7
0.844607,0.863436,0.69551,0.86996,0.635867,0.185479,0.463744,0.075823,0.296906,0.608071,0.120555,0.66961,0.209932,1.35472,0,8.14,0,0.538,6.072,100,4.175,4,307,21,376.73,13.04,14.5
0.877347,0.755858,0.352414,0.567698,0.207071,0.395468,0.650505,0.162622,0.139092,0.86617,0.046386,0.194542,0.919905,1.38799,0,8.14,0,0.538,5.95,82,3.99,4,307,21,232.6,27.71,13.2
0.994767,0.240097,0.847232,0.036824,0.139919,0.772348,0.449267,0.647154,0.866991,0.866045,0.951383,0.246536,0.270013,1.15172,0,8.14,0,0.538,5.701,95,3.7872,4,307,21,358.77,18.35,13.1
0.149326,0.951209,0.833835,0.606454,0.390977,0.306289,0.788428,0.253371,0.357973,0.756916,0.661319,0.786563,0.734027,1.61282,0,8.14,0,0.538,6.096,96.9,3.7598,4,307,21,248.31,20.34,13.5
0.027591,0.78278,0.648522,0.376875,0.836744,0.418375,0.991966,0.432992,0.981853,0.71919,0.31415,0.517835,0.968851,0.06417,0,5.96,0,0.499,5.933,68.2,3.3603,5,279,19.2,396.9,9.68,18.9
0.036372,0.014101,0.64237,0.80507,0.135833,0.844722,0.929499,0.199908,0.293324,0.497141,0.473896,0.38162,0.73458,0.09744,0,5.96,0,0.499,5.841,61.4,3.3779,5,279,19.2,377.56,11.41,20
0.850137,0.21498,0.641196,0.820058,0.771754,0.73117,0.058732,0.644658,0.336351,0.789638,0.687668,0.480023,0.887283,0.08014,0,5.96,0,0.499,5.85,41.5,3.9342,5,279,19.2,396.9,8.77,21
0.807119,0.400053,0.51378,0.447821,0.851718,0.05776,0.560038,0.951791,0.838847,0.693978,0.768664,0.688013,0.926396,0.17505,0,5.96,0,0.499,5.966,30.2,3.8473,5,279,19.2,393.43,10.13,24.7
0.845013,0.129204,0.870495,0.421653,0.29632,0.667281,0.048151,0.897796,0.373185,0.09652,0.011519,0.456462,0.820821,0.02763,75,2.95,0,0.428,6.595,21.8,5.4011,3,252,18.3,395.63,4.32,30.8
0.248495,0.625613,0.933648,0.379457,0.938623,0.358209,0.099156,0.066409,0.013782,0.201763,0.615626,0.813761,0.759893,0.03359,75,2.95,0,0.428,7.024,15.8,5.4011,3,252,18.3,395.62,1.98,34.9
0.073162,0.473687,0.528891,0.173665,0.998635,0.341391,0.869467,0.706528,0.782497,0.567145,0.530583,0.827108,0.129094,0.12744,0,6.91,0,0.448,6.77,2.9,5.7209,3,233,17.9,385.41,4.84,26.6
0.343533,0.70352,0.401949,0.133005,0.946326,0.645816,0.271649,0.522916,0.678419,0.014189,0.016345,0.689129,0.744354,0.1415,0,6.91,0,0.448,6.169,6.6,5.7209,3,233,17.9,383.37,5.81,25.3
0.673493,0.626084,0.921576,0.080899,0.996364,0.007622,0.670763,0.150164,0.82998,0.489961,0.496217,0.726376,0.088509,0.15936,0,6.91,0,0.448,6.211,6.5,5.7209,3,233,17.9,394.46,7.44,24.7
0.799396,0.385474,0.989789,0.717439,0.270411,0.275715,0.582541,0.456939,0.070331,0.399924,0.887943,0.480391,0.671393,0.12269,0,6.91,0,0.448,6.069,40,5.7209,3,233,17.9,389.39,9.55,21.2
0.169648,0.994681,0.24272,0.967131,0.944943,0.226697,0.895895,0.672985,0.354624,0.590051,0.937792,0.258504,0.420319,0.17142,0,6.91,0,0.448,5.682,33.8,5.1004,3,233,17.9,396.9,10.21,19.3
0.517253,0.444555,0.535351,0.861196,0.697777,0.882588,0.258865,0.06026,0.040095,0.160207,0.112859,0.28103,0.236544,0.18836,0,6.91,0,0.448,5.786,33.3,5.1004,3,233,17.9,396.9,14.15,20
0.617838,0.069074,0.203381,0.91137,0.245243,0.37043,0.307732,0.068481,0.313413,0.701879,0.082567,0.526922,0.108722,0.22927,0,6.91,0,0.448,6.03,85.5,5.6894,3,233,17.9,392.74,18.8,16.6
0.866156,0.632619,0.674674,0.113992,0.291691,0.128491,0.779123,0.652429,0.448263,0.602741,0.543405,0.285561,0.836157,0.25387,0,6.91,0,0.448,5.399,95.3,5.87,3,233,17.9,396.9,30.81,14.4
0.097066,0.917486,0.947431,0.242534,0.407991,0.846441,0.416988,0.383955,0.130135,0.401668,0.209884,0.114907,0.909679,0.21977,0,6.91,0,0.448,5.602,62,6.0877,3,233,17.9,396.9,16.2,19.4
0.237345,0.945099,0.095314,0.909548,0.127002,0.095642,0.209508,0.787658,0.61208,0.135807,0.85497,0.663833,0.149816,0.08873,21,5.64,0,0.439,5.963,45.7,6.8147,4,243,16.8,395.56,13.45,19.7
0.954172,0.29683,0.931113,0.642911,0.34967,0.751195,0.401461,0.75977,0.829101,0.44326,0.777409,0.589395,0.581099,0.04337,21,5.64,0,0.439,6.115,63,6.8147,4,243,16.8,393.97,9.43,20.5
0.813373,0.416441,0.937042,0.485811,0.250341,0.292517,0.008374,0.210583,0.961014,0.289786,0.490429,0.460131,0.795217,0.0536,21,5.64,0,0.439,6.511,21.1,6.8147,4,243,16.8,396.9,5.28,25
0.471033,0.804322,0.524891,0.126623,0.555807,0.07842,0.089747,0.089531,0.001973,0.416487,0.552675,0.128149,0.838603,0.04981,21,5.64,0,0.439,5.998,21.4,6.8147,4,243,16.8,396.9,8.43,23.4
0.788248,0.853984,0.143624,0.446951,0.948179,0.082421,0.746528,0.51839,0.174344,0.470418,0.63064,0.041563,0.862984,0.0136,75,4,0,0.41,5.888,47.6,7.3197,3,469,21.1,396.9,14.8,18.9
0.778299,0.32086,0.524526,0.032126,0.83887,0.162085,0.914212,0.50314,0.639923,0.315059,0.726772,0.516385,0.064986,0.01311,90,1.22,0,0.403,7.249,21.9,8.6966,5,226,17.9,395.93,4.81,35.4
0.32394,0.933097,0.536036,0.034993,0.671565,0.535315,0.283961,0.810791,0.667316,0.288455,0.554954,0.003502,0.836875,0.02055,85,0.74,0,0.41,6.383,35.7,9.1876,2,313,17.3,396.9,5.77,24.7
0.675825,0.712395,0.550647,0.012575,0.398329,0.992565,0.113168,0.942961,0.095884,0.055772,0.433875,0.699835,0.195661,0.01432,100,1.32,0,0.411,6.816,40.5,8.3248,5,256,15.1,392.9,3.95,31.6
0.500576,0.977936,0.694814,0.094468,0.545908,0.460068,0.731725,0.909639,0.622278,0.956671,0.96142,0.914561,0.282194,0.15445,25,5.13,0,0.453,6.145,29.2,7.8148,8,284,19.7,390.68,6.86,23.3
0.918923,0.157296,0.198644,0.314426,0.645095,0.789504,0.854061,0.367707,0.596608,0.084045,0.876663,0.140417,0.265011,0.10328,25,5.13,0,0.453,5.927,47.2,6.932,8,284,19.7,396.9,9.22,19.6
0.209366,0.975174,0.989402,0.771869,0.059183,0.112177,0.163073,0.817928,0.493964,0.925883,0.406537,0.515889,0.628506,0.14932,25,5.13,0,0.453,5.741,66.2,7.2254,8,284,19.7,395.11,13.15,18.7
0.307665,0.76043,0.573555,0.472084,0.014265,0.282811,0.708858,0.991228,0.305216,0.156037,0.385417,0.838187,0.763352,0.17171,25,5.13,0,0.453,5.966,93.4,6.8185,8,284,19.7,378.08,14.44,16
0.86227,0.03829,0.326636,0.207526,0.139564,0.315858,0.803691,0.93421,0.362402,0.276038,0.905621,0.671942,0.638869,0.11027,25,5.13,0,0.453,6.456,67.8,7.2255,8,284,19.7,396.9,6.73,22.2
0.968076,0.086025,0.440844,0.064397,0.815892,0.68535,0.237669,0.382678,0.157152,0.941984,0.650409,0.053986,0.484374,0.1265,25,5.13,0,0.453,6.762,43.4,7.9809,8,284,19.7,395.58,9.5,25
0.208397,0.606974,0.707586,0.218992,0.739977,0.626504,0.647361,0.127046,0.535754,0.762871,0.075482,0.651497,0.685398,0.01951,17.5,1.38,0,0.4161,7.104,59.5,9.2229,3,216,18.6,393.24,8.05,33
0.20669,0.108557,0.407978,0.194628,0.417074,0.538994,0.77099,0.698633,0.492959,0.93132,0.924712,0.369219,0.898726,0.03584,80,3.37,0,0.398,6.29,17.8,6.6115,4,337,16.1,396.9,4.67,23.5
0.866174,0.241158,0.392823,0.296504,0.79103,0.440362,0.818281,0.861338,0.291763,0.343182,0.047394,0.747994,0.017132,0.04379,80,3.37,0,0.398,5.787,31.1,6.6115,4,337,16.1,396.9,10.24,19.4
0.869768,0.099405,0.920451,0.439706,0.078775,0.392829,0.893246,0.896597,0.133523,0.524351,0.406014,0.775289,0.551765,0.05789,12.5,6.07,0,0.409,5.878,21.4,6.498,4,345,18.9,396.21,8.1,22
0.759274,0.935334,0.623739,0.492822,0.685775,0.463767,0.127768,0.384974,0.3387,0.153796,0.475485,0.20911,0.150851,0.13554,12.5,6.07,0,0.409,5.594,36.8,6.498,4,345,18.9,396.9,13.09,17.4
0.117924,0.560933,0.656311,0.831132,0.103215,0.162489,0.128714,0.276455,0.392512,0.740516,0.809238,0.267134,0.91281,0.12816,12.5,6.07,0,0.409,5.885,33,6.498,4,345,18.9,396.9,8.79,20.9
0.017795,0.665632,0.341971,0.935844,0.256564,0.705774,0.701132,0.678198,0.251849,0.35718,0.551348,0.272717,0.600708,0.08826,0,10.81,0,0.413,6.417,6.6,5.2873,4,305,19.2,383.73,6.72,24.2
0.61444,0.068263,0.072915,0.580594,0.199242,0.129645,0.680017,0.152932,0.585501,0.273266,0.121797,0.079131,0.765599,0.15876,0,10.81,0,0.413,5.961,17.5,5.2873,4,305,19.2,376.94,9.88,21.7
0.144456,0.796672,0.588667,0.919573,0.90442,0.855491,0.614393,0.255306,0.647502,0.818853,0.402731,0.684205,0.885211,0.09164,0,10.81,0,0.413,6.065,7.8,5.2873,4,305,19.2,390.91,5.52,22.8
0.540949,0.941799,0.778307,0.853354,0.440871,0.099763,0.622307,0.253934,0.82689,0.04392,0.170434,0.614844,0.879241,0.19539,0,10.81,0,0.413,6.245,6.2,5.2873,4,305,19.2,377.17,7.54,23.4
0.026584,0.822482,0.197255,0.779976,0.494207,0.497816,0.103736,0.395164,0.076571,0.131936,0.3243,0.922086,0.289689,0.07896,0,12.83,0,0.437,6.273,6,4.2515,5,398,18.7,394.92,6.78,24.1
0.744472,0.862844,0.571263,0.813086,0.772525,0.294067,0.847334,0.024953,0.81749,0.696849,0.752864,0.372877,0.529458,0.09512,0,12.83,0,0.437,6.286,45,4.5026,5,398,18.7,383.23,8.94,21.4
0.593338,0.102506,0.74325,0.923163,0.881502,0.801354,0.516721,0.942774,0.686718,0.348028,0.261405,0.448782,0.093937,0.10153,0,12.83,0,0.437,6.279,74.5,4.0522,5,398,18.7,373.66,11.97,20
0.725913,0.907809,0.785159,0.06611,0.511427,0.905896,0.128294,0.351256,0.873846,0.805376,0.186647,0.68656,0.798579,0.08707,0,12.83,0,0.437,6.14,45.8,4.0905,5,398,18.7,386.96,10.27,20.8
0.746863,0.172956,0.721654,0.579658,0.803932,0.704444,0.8148,0.096258,0.93898,0.703557,0.452315,0.610925,0.678846,0.05646,0,12.83,0,0.437,6.232,53.7,5.0141,5,398,18.7,386.4,12.34,21.2
0.333999,0.294333,0.236041,0.448835,0.751117,0.153054,0.993508,0.380512,0.651318,0.960058,0.720652,0.622899,0.483597,0.08387,0,12.83,0,0.437,5.874,36.6,4.5026,5,398,18.7,396.06,9.1,20.3
0.785445,0.020982,0.285882,0.597133,0.561982,0.840285,0.115478,0.81592,0.823669,0.560958,0.716564,0.660206,0.15932,0.04113,25,4.86,0,0.426,6.727,33.5,5.4007,4,281,19,396.9,5.29,28
0.26915,0.777924,0.352727,0.326723,0.170306,0.426566,0.225877,0.138127,0.061217,0.501921,0.661767,0.228571,0.732522,0.04462,25,4.86,0,0.426,6.619,70.4,5.4007,4,281,19,395.63,7.22,23.9
0.394875,0.622311,0.115632,0.882656,0.68565,0.717638,0.299112,0.521908,0.17994,0.618004,0.396977,0.800526,0.095134,0.03659,25,4.86,0,0.426,6.302,32.2,5.4007,4,281,19,396.9,6.72,24.8
0.139625,0.81749,0.371829,0.873154,0.25839,0.862029,0.583162,0.634093,0.091093,0.14939,0.203542,0.424574,0.348693,0.03551,25,4.86,0,0.426,6.167,46.7,5.4007,4,281,19,390.64,7.51,22.9
0.304292,0.336435,0.652079,0.757988,0.865827,0.425958,0.273237,0.065659,0.674288,0.172753,0.496461,0.312063,0.205121,0.05059,0,4.49,0,0.449,6.389,48,4.7794,3,247,18.5,396.9,9.62,23.9
0.153006,0.969554,0.986924,0.68398,0.17648,0.546303,0.685957,0.866969,0.476505,0.828329,0.555001,0.848695,0.034602,0.05735,0,4.49,0,0.449,6.63,56.1,4.4377,3,247,18.5,392.3,6.53,26.6
0.949869,0.195816,0.888962,0.761959,0.332644,0.482514,0.593699,0.637103,0.552825,0.486425,0.813383,0.88591,0.225876,0.05188,0,4.49,0,0.449,6.015,45.1,4.4272,3,247,18.5,395.99,12.86,22.5
0.945104,0.460227,0.713213,0.150971,0.047985,0.467781,0.548533,0.104234,0.904055,0.316377,0.152425,0.824845,0.734534,0.07151,0,4.49,0,0.449,6.121,56.8,3.7476,3,247,18.5,395.15,8.44,22.2
0.330522,0.911704,0.952068,0.548189,0.36006,0.131379,0.342135,0.790077,0.435471,0.885178,0.23577,0.22966,0.865777,0.0566,0,3.41,0,0.489,7.007,86.3,3.4217,2,270,17.8,396.9,5.5,23.6
0.167315,0.184125,0.804773,0.774851,0.208395,0.840457,0.209367,0.81923,0.741313,0.582419,0.173175,0.7533,0.757702,0.05302,0,3.41,0,0.489,7.079,63.1,3.4145,2,270,17.8,396.06,5.7,28.7
0.282948,0.697984,0.679188,0.652415,0.110831,0.681855,0.56297,0.296733,0.909222,0.361825,0.168428,0.921648,0.072859,0.04684,0,3.41,0,0.489,6.417,66.1,3.0923,2,270,17.8,392.18,8.81,22.6
0.083171,0.303063,0.701801,0.931428,0.916472,0.311698,0.111645,0.846548,0.033889,0.609726,0.80626,0.439222,0.428917,0.03932,0,3.41,0,0.489,6.405,73.9,3.0921,2,270,17.8,393.55,8.2,22
0.253521,0.50698,0.10586,0.451458,0.785997,0.629681,0.782653,0.576257,0.086179,0.266881,0.813215,0.126159,0.009856,0.04203,28,15.04,0,0.464,6.442,53.6,3.6659,4,270,18.2,395.01,8.16,22.9
0.975965,0.57328,0.951382,0.792393,0.178451,0.444767,0.56105,0.968966,0.187634,0.457963,0.387489,0.896382,0.211162,0.02875,28,15.04,0,0.464,6.211,28.9,3.6659,4,270,18.2,396.33,6.21,25
0.936919,0.963698,0.527061,0.973247,0.716328,0.555129,0.387572,0.894131,0.059052,0.160237,0.107456,0.727808,0.918949,0.04294,28,15.04,0,0.464,6.249,77.3,3.615,4,270,18.2,396.9,10.59,20.6
0.587883,0.208432,0.363304,0.493556,0.524112,0.802275,0.194787,0.830108,0.198483,0.961978,0.989239,0.4989,0.069803,0.12204,0,2.89,0,0.445,6.625,57.8,3.4952,2,276,18,357.98,6.65,28.4
0.848763,0.261079,0.336046,0.53868,0.338525,0.448199,0.269337,0.346877,0.400871,0.0368,0.400539,0.026481,0.521831,0.11504,0,2.89,0,0.445,6.163,69.6,3.4952,2,276,18,391.83,11.34,21.4
0.565288,0.729858,0.06275,0.578843,0.414192,0.555102,0.463731,0.327044,0.236946,0.743514,0.975809,0.359993,0.853438,0.12083,0,2.89,0,0.445,8.069,76,3.4952,2,276,18,396.9,4.21,38.7
0.685163,0.282246,0.884516,0.151839,0.855413,0.657451,0.930871,0.537135,0.032977,0.720562,0.060592,0.552244,0.93566,0.08187,0,2.89,0,0.445,7.82,36.9,3.4952,2,276,18,393.53,3.57,43.8
0.534247,0.797843,0.876086,0.710827,0.880937,0.113786,0.359298,0.285547,0.279558,0.593749,0.53777,0.928352,0.696614,0.0686,0,2.89,0,0.445,7.416,62.5,3.4952,2,276,18,396.9,6.19,33.2
0.407298,0.592939,0.385213,0.468345,0.983656,0.115741,0.159473,0.851318,0.21262,0.366964,0.324356,0.552511,0.034898,0.14866,0,8.56,0,0.52,6.727,79.9,2.7778,5,384,20.9,394.76,9.42,27.5
0.263056,0.905227,0.852697,0.8992,0.462351,0.465924,0.626106,0.768919,0.190925,0.676004,0.965181,0.682347,0.136472,0.11432,0,8.56,0,0.52,6.781,71.3,2.8561,5,384,20.9,395.58,7.67,26.5
0.877537,0.250926,0.054465,0.248744,0.281474,0.263231,0.884816,0.585461,0.001093,0.610171,0.852172,0.586115,0.722566,0.22876,0,8.56,0,0.52,6.405,85.4,2.7147,5,384,20.9,70.8,10.63,18.6
0.781484,0.738373,0.309646,0.096631,0.232479,0.449382,0.951734,0.341517,0.085055,0.046993,0.849231,0.058625,0.892137,0.21161,0,8.56,0,0.52,6.137,87.4,2.7147,5,384,20.9,394.47,13.44,19.3
0.528614,0.728138,0.657382,0.863655,0.423633,0.46631,0.692185,0.285838,0.059184,0.000621,0.859745,0.234394,0.030902,0.1396,0,8.56,0,0.52,6.167,90,2.421,5,384,20.9,392.69,12.33,20.1
0.823544,0.702904,0.986186,0.531984,0.883392,0.789806,0.981317,0.534877,0.604265,0.499893,0.914531,0.084677,0.7215,0.13262,0,8.56,0,0.52,5.851,96.7,2.1069,5,384,20.9,394.05,16.47,19.5
0.216353,0.980522,0.740455,0.734795,0.616195,0.876646,0.239581,0.89451,0.598155,0.929964,0.132925,0.069268,0.109163,0.1712,0,8.56,0,0.52,5.836,91.9,2.211,5,384,20.9,395.67,18.66,19.5
0.051375,0.147752,0.189069,0.515113,0.561582,0.673254,0.454932,0.534835,0.157248,0.581116,0.79076,0.36171,0.829599,0.13117,0,8.56,0,0.52,6.127,85.2,2.1224,5,384,20.9,387.69,14.09,20.4
0.169112,0.283637,0.552141,0.257167,0.26243,0.663783,0.199391,0.85737,0.389664,0.635996,0.260087,0.491927,0.3877,0.12802,0,8.56,0,0.52,6.474,97.1,2.4329,5,384,20.9,395.24,12.27,19.8
0.202439,0.200929,0.197292,0.655456,0.50234,0.910943,0.309649,0.722301,0.154977,0.825077,0.732523,0.064655,0.956139,0.26363,0,8.56,0,0.52,6.229,91.2,2.5451,5,384,20.9,391.23,15.55,19.4
0.803576,0.878755,0.961585,0.752515,0.004026,0.387747,0.311133,0.263389,0.906991,0.119496,0.038723,0.873125,0.532663,0.10793,0,8.56,0,0.52,6.195,54.4,2.7778,5,384,20.9,393.49,13,21.7
0.580523,0.854093,0.676379,0.48844,0.440215,0.382953,0.22585,0.158367,0.873914,0.787374,0.090271,0.490413,0.516747,0.10084,0,10.01,0,0.547,6.715,81.6,2.6775,6,432,17.8,395.59,10.16,22.8
0.126711,0.744743,0.588947,0.352847,0.368135,0.954858,0.691378,0.338627,0.932601,0.887817,0.228715,0.587224,0.224641,0.12329,0,10.01,0,0.547,5.913,92.9,2.3534,6,432,17.8,394.95,16.21,18.8
0.18312,0.000321,0.427491,0.399164,0.302004,0.421399,0.828821,0.406158,0.760606,0.336657,0.22278,0.393447,0.013393,0.22212,0,10.01,0,0.547,6.092,95.4,2.548,6,432,17.8,396.9,17.09,18.7
0.487646,0.925263,0.857874,0.405173,0.451033,0.120475,0.700241,0.217226,0.323575,0.366903,0.634313,0.036988,0.307205,0.14231,0,10.01,0,0.547,6.254,84.2,2.2565,6,432,17.8,388.74,10.45,18.5
0.22359,0.540691,0.465575,0.472137,0.810784,0.110924,0.581862,0.227375,0.770019,0.88914,0.523177,0.899579,0.363965,0.17134,0,10.01,0,0.547,5.928,88.2,2.4631,6,432,17.8,344.91,15.76,18.3
0.58094,0.798835,0.771482,0.024744,0.363078,0.866631,0.410936,0.853989,0.07657,0.593874,0.90015,0.614791,0.457817,0.13158,0,10.01,0,0.547,6.176,72.5,2.7301,6,432,17.8,393.3,12.04,21.2
0.866043,0.43009,0.183504,0.478815,0.345307,0.145546,0.32608,0.680704,0.702075,0.837051,0.305665,0.184357,0.829313,0.15098,0,10.01,0,0.547,6.021,82.6,2.7474,6,432,17.8,394.51,10.3,19.2
0.834138,0.481057,0.897777,0.803965,0.547366,0.190552,0.069674,0.229242,0.377966,0.416585,0.403736,0.738254,0.233707,0.13058,0,10.01,0,0.547,5.872,73.1,2.4775,6,432,17.8,338.63,15.37,20.4
0.644254,0.631366,0.215569,0.641474,0.708669,0.885719,0.434716,0.982308,0.46665,0.333474,0.469048,0.341645,0.83815,0.14476,0,10.01,0,0.547,5.731,65.2,2.7592,6,432,17.8,391.5,13.61,19.3
0.63772,0.193799,0.328768,0.407786,0.565933,0.891789,0.867792,0.62663,0.962524,0.884581,0.217635,0.634489,0.139319,0.06899,0,25.65,0,0.581,5.87,69.7,2.2577,2,188,19.1,389.15,14.37,22
0.28294,0.389272,0.563889,0.082424,0.363461,0.608167,0.656335,0.165347,0.766874,0.850907,0.115872,0.951031,0.226012,0.07165,0,25.65,0,0.581,6.004,84.1,2.1974,2,188,19.1,377.67,14.27,20.3
0.294479,0.925432,0.249591,0.853769,0.522536,0.841213,0.876291,0.738047,0.83534,0.817631,0.299159,0.42699,0.249575,0.09299,0,25.65,0,0.581,5.961,92.9,2.0869,2,188,19.1,378.09,17.93,20.5
0.480584,0.02181,0.595256,0.981873,0.187706,0.63336,0.921379,0.095991,0.843894,0.529496,0.662422,0.779495,0.214054,0.15038,0,25.65,0,0.581,5.856,97,1.9444,2,188,19.1,370.31,25.41,17.3
0.078075,0.03916,0.219786,0.686126,0.959992,0.954377,0.11504,0.667355,0.237069,0.683504,0.843691,0.302845,0.904698,0.09849,0,25.65,0,0.581,5.879,95.8,2.0063,2,188,19.1,379.38,17.58,18.8
0.647554,0.556461,0.653626,0.425713,0.896682,0.051698,0.680522,0.767661,0.673319,0.273294,0.425015,0.823199,0.856771,0.16902,0,25.65,0,0.581,5.986,88.4,1.9929,2,188,19.1,385.02,14.81,21.4
0.396948,0.663305,0.328452,0.007965,0.832753,0.674755,0.444742,0.565636,0.65133,0.905951,0.109834,0.105348,0.06748,0.38735,0,25.65,0,0.581,5.613,95.6,1.7572,2,188,19.1,359.29,27.26,15.7
0.621564,0.012414,0.264907,0.726293,0.960321,0.149317,0.730993,0.003201,0.344405,0.839012,0.211988,0.50958,0.684823,0.25915,0,21.89,0,0.624,5.693,96,1.7883,4,437,21.2,392.11,17.19,16.2
0.75997,0.717862,0.038288,0.434544,0.01185,0.199121,0.279291,0.635618,0.665921,0.556828,0.990413,0.608184,0.102872,0.32543,0,21.89,0,0.624,6.431,98.8,1.8125,4,437,21.2,396.9,15.39,18
0.004632,0.947297,0.235893,0.644729,0.124179,0.358061,0.968444,0.746508,0.287596,0.791631,0.088455,0.337914,0.859937,0.88125,0,21.89,0,0.624,5.637,94.7,1.9799,4,437,21.2,396.9,18.34,14.3
0.034166,0.295938,0.780654,0.47278,0.729508,0.947864,0.019505,0.591551,0.605893,0.063069,0.162907,0.982285,0.002439,0.34006,0,21.89,0,0.624,6.458,98.9,2.1185,4,437,21.2,395.04,12.6,19.2
0.981477,0.048041,0.368138,0.432573,0.514054,0.621578,0.077152,0.020575,0.544356,0.174863,0.212363,0.538265,0.343447,1.19294,0,21.89,0,0.624,6.326,97.7,2.271,4,437,21.2,396.9,12.26,19.6
0.372514,0.826678,0.204546,0.618347,0.414709,0.897252,0.606272,0.353189,0.056744,0.079731,0.806224,0.565053,0.432677,0.59005,0,21.89,0,0.624,6.372,97.9,2.3274,4,437,21.2,385.76,11.12,23
0.288882,0.050388,0.020266,0.943656,0.770138,0.480582,0.840295,0.368235,0.39531,0.06183,0.465579,0.474262,0.358351,0.32982,0,21.89,0,0.624,5.822,95.4,2.4699,4,437,21.2,388.69,15.03,18.4
0.171309,0.998026,0.417002,0.591611,0.508653,0.348699,0.681969,0.788668,0.689928,0.044568,0.617795,0.984054,0.436397,0.97617,0,21.89,0,0.624,5.757,98.4,2.346,4,437,21.2,262.76,17.31,15.6
0.408875,0.120208,0.358644,0.243699,0.716174,0.935268,0.514721,0.174842,0.378511,0.812481,0.522669,0.504392,0.796833,0.55778,0,21.89,0,0.624,6.335,98.2,2.1107,4,437,21.2,394.67,16.96,18.1
0.491733,0.813218,0.580739,0.607251,0.080524,0.511835,0.533584,0.70094,0.190592,0.137635,0.205796,0.973402,0.160292,0.32264,0,21.89,0,0.624,5.942,93.5,1.9669,4,437,21.2,378.25,16.9,17.4
0.055632,0.022128,0.836553,0.165773,0.722398,0.241434,0.571084,0.698924,0.039254,0.869121,0.01274,0.849508,0.191007,0.35233,0,21.89,0,0.624,6.454,98.4,1.8498,4,437,21.2,394.08,14.59,17.1
0.549251,0.394109,0.856915,0.389833,0.389167,0.923687,0.269296,0.976094,0.568853,0.421139,0.865844,0.850945,0.619547,0.2498,0,21.89,0,0.624,5.857,98.2,1.6686,4,437,21.2,392.04,21.32,13.3
0.616851,0.937164,0.235938,0.123956,0.168113,0.239297,0.050422,0.907329,0.656128,0.270097,0.53615,0.691007,0.424236,0.54452,0,21.89,0,0.624,6.151,97.9,1.6687,4,437,21.2,396.9,18.46,17.8
0.137135,0.227492,0.89671,0.808709,0.955204,0.215533,0.552336,0.879215,0.711185,0.830298,0.279883,0.597994,0.241753,0.2909,0,21.89,0,0.624,6.174,93.6,1.6119,4,437,21.2,388.08,24.16,14
0.394894,0.670885,0.493489,0.205547,0.250575,0.6001,0.832181,0.32565,0.685126,0.754021,0.498093,0.244648,0.513671,1.62864,0,21.89,0,0.624,5.019,100,1.4394,4,437,21.2,396.9,34.41,14.4
0.206856,0.477286,0.895011,0.510514,0.220849,0.07201,0.681762,0.894635,0.697371,0.425209,0.796998,0.800725,0.7576,3.32105,0,19.58,1,0.871,5.403,100,1.3216,5,403,14.7,396.9,26.82,13.4
0.271327,0.217301,0.514301,0.113944,0.821436,0.505494,0.246398,0.072721,0.754409,0.363093,0.015021,0.919229,0.541748,4.0974,0,19.58,0,0.871,5.468,100,1.4118,5,403,14.7,396.9,26.42,15.6
0.278293,0.756009,0.622797,0.776149,0.481094,0.403802,0.869379,0.262257,0.171216,0.896723,0.671751,0.373502,0.924783,2.77974,0,19.58,0,0.871,4.903,97.8,1.3459,5,403,14.7,396.9,29.29,11.8
0.790559,0.211023,0.251494,0.929815,0.960306,0.748308,0.694202,0.049734,0.726901,0.833925,0.537526,0.877344,0.155179,2.37934,0,19.58,0,0.871,6.13,100,1.4191,5,403,14.7,172.91,27.8,13.8
0.896648,0.363189,0.851875,0.021543,0.470146,0.77575,0.215312,0.460295,0.909635,0.746121,0.945183,0.989271,0.584218,2.15505,0,19.58,0,0.871,5.628,100,1.5166,5,403,14.7,169.27,16.65,15.6
0.624085,0.711406,0.499169,0.897425,0.617065,0.060713,0.265974,0.90004,0.62623,0.787944,0.314798,0.367232,0.984577,2.36862,0,19.58,0,0.871,4.926,95.7,1.4608,5,403,14.7,391.71,29.53,14.6
0.990651,0.456378,0.176476,0.8976,0.780955,0.99648,0.13186,0.327156,0.684931,0.828842,0.55695,0.490788,0.65414,2.33099,0,19.58,0,0.871,5.186,93.8,1.5296,5,403,14.7,356.99,28.32,17.8
0.93644,0.017235,0.108742,0.52603,0.870382,0.636911,0.76546,0.844942,0.093582,0.800782,0.400928,0.090189,0.866125,2.73397,0,19.58,0,0.871,5.597,94.9,1.5257,5,403,14.7,351.85,21.45,15.4
0.718071,0.922202,0.420744,0.824625,0.183334,0.483658,0.806038,0.301295,0.55904,0.066822,0.774142,0.248847,0.867838,1.6566,0,19.58,0,0.871,6.122,97.3,1.618,5,403,14.7,372.8,14.1,21.5
0.32725,0.809187,0.695168,0.222958,0.159475,0.322357,0.060842,0.833811,0.508849,0.841248,0.5723,0.607306,0.868831,1.49632,0,19.58,0,0.871,5.404,100,1.5916,5,403,14.7,341.6,13.28,19.6
0.209787,0.860374,0.599515,0.02017,0.887657,0.570729,0.725806,0.387798,0.886183,0.091961,0.113137,0.469794,0.354717,1.12658,0,19.58,1,0.871,5.012,88,1.6102,5,403,14.7,343.28,12.12,15.3
0.77088,0.85964,0.349725,0.445543,0.249442,0.790181,0.290182,0.623607,0.969056,0.325324,0.287991,0.372301,0.846667,2.14918,0,19.58,0,0.871,5.709,98.5,1.6232,5,403,14.7,261.95,15.79,19.4
0.542551,0.582869,0.771817,0.646602,0.876279,0.316516,0.323304,0.934056,0.53185,0.385045,0.615426,0.834493,0.552104,1.41385,0,19.58,1,0.871,6.129,96,1.7494,5,403,14.7,321.02,15.12,17
0.315957,0.835568,0.420026,0.973316,0.687587,0.21781,0.148882,0.423385,0.970327,0.129274,0.681559,0.403956,0.544521,3.53501,0,19.58,1,0.871,6.152,82.6,1.7455,5,403,14.7,88.01,15.02,15.6
0.283342,0.863446,0.092371,0.61584,0.593804,0.618307,0.410467,0.114263,0.14119,0.119913,0.616663,0.574553,0.41661,2.44668,0,19.58,0,0.871,5.272,94,1.7364,5,403,14.7,88.63,16.14,13.1
0.241653,0.350133,0.05556,0.359877,0.098982,0.512992,0.280734,0.603648,0.886759,0.348325,0.522779,0.882186,0.190162,1.22358,0,19.58,0,0.605,6.943,97.4,1.8773,5,403,14.7,363.43,4.59,41.3
0.054595,0.849491,0.925917,0.843593,0.549985,0.512063,0.298235,0.183643,0.708884,0.411937,0.020259,0.15901,0.479119,1.34284,0,19.58,0,0.605,6.066,100,1.7573,5,403,14.7,353.89,6.43,24.3
0.895907,0.392202,0.948573,0.925617,0.854062,0.018233,0.681833,0.678388,0.180374,0.373539,0.131851,0.066032,0.001513,1.42502,0,19.58,0,0.871,6.51,100,1.7659,5,403,14.7,364.31,7.39,23.3
0.319441,0.710882,0.989344,0.366277,0.889861,0.129357,0.370976,0.483132,0.32685,0.659217,0.498398,0.281162,0.277457,1.27346,0,19.58,1,0.605,6.25,92.6,1.7984,5,403,14.7,338.92,5.5,27
0.70411,0.699487,0.591114,0.537014,0.746995,0.894744,0.747737,0.422536,0.349687,0.761049,0.495181,0.074734,0.567196,1.46336,0,19.58,0,0.605,7.489,90.8,1.9709,5,403,14.7,374.43,1.73,50
0.558264,0.542343,0.667848,0.032069,0.395832,0.240133,0.899997,0.183579,0.502838,0.433603,0.11656,0.054586,0.681177,1.83377,0,19.58,1,0.605,7.802,98.2,2.0407,5,403,14.7,389.61,1.92,50
0.734369,0.842339,0.036028,0.37531,0.916395,0.178609,0.193682,0.975534,0.182347,0.807048,0.382398,0.645658,0.876743,1.51902,0,19.58,1,0.605,8.375,93.9,2.162,5,403,14.7,388.45,3.32,50
0.569525,0.265829,0.053438,0.396138,0.806187,0.221846,0.371746,0.347316,0.29505,0.450751,0.541649,0.087016,0.467227,2.24236,0,19.58,0,0.605,5.854,91.8,2.422,5,403,14.7,395.11,11.64,22.7
0.704236,0.921987,0.531104,0.175994,0.888401,0.185157,0.5389,0.208523,0.345944,0.719943,0.006039,0.459888,0.134617,2.924,0,19.58,0,0.605,6.101,93,2.2834,5,403,14.7,240.16,9.81,25
0.513882,0.073082,0.792287,0.895649,0.528165,0.368153,0.325265,0.634942,0.873487,0.771621,0.019988,0.75321,0.918419,2.01019,0,19.58,0,0.605,7.929,96.2,2.0459,5,403,14.7,369.3,3.7,50
0.77963,0.89771,0.546372,0.80509,0.785824,0.912375,0.414052,0.273754,0.290609,0.789382,0.832395,0.889701,0.254783,1.80028,0,19.58,0,0.605,5.877,79.2,2.4259,5,403,14.7,227.61,12.14,23.8
0.844101,0.625647,0.3663,0.65285,0.717399,0.861515,0.695907,0.791022,0.127436,0.234436,0.87717,0.013499,0.754707,2.3004,0,19.58,0,0.605,6.319,96.1,2.1,5,403,14.7,297.09,11.1,23.8
0.234108,0.354875,0.894152,0.073254,0.722085,0.543892,0.939119,0.546346,0.896225,0.249573,0.2811,0.589101,0.376475,2.44953,0,19.58,0,0.605,6.402,95.2,2.2625,5,403,14.7,330.04,11.32,22.3
0.24917,0.167373,0.439626,0.010283,0.202332,0.435883,0.435929,0.56512,0.78345,0.915704,0.701613,0.665549,0.645238,1.20742,0,19.58,0,0.605,5.875,94.6,2.4259,5,403,14.7,292.29,14.43,17.4
0.518487,0.121207,0.666761,0.7996,0.457923,0.64616,0.793168,0.607817,0.138924,0.550152,0.151892,0.875659,0.028608,2.3139,0,19.58,0,0.605,5.88,97.3,2.3887,5,403,14.7,348.13,12.03,19.1
0.0253,0.325152,0.418295,0.001541,0.592786,0.7527,0.11957,0.330234,0.09456,0.967306,0.742023,0.646216,0.214897,0.13914,0,4.05,0,0.51,5.572,88.5,2.5961,5,296,16.6,396.9,14.69,23.1
0.638032,0.53292,0.034356,0.115178,0.72983,0.518584,0.858502,0.982601,0.470231,0.84264,0.594914,0.641373,0.130763,0.09178,0,4.05,0,0.51,6.416,84.1,2.6463,5,296,16.6,395.5,9.04,23.6
0.120758,0.633671,0.459608,0.466618,0.26,0.271069,0.506616,0.024699,0.572281,0.449366,0.073788,0.520305,0.144806,0.08447,0,4.05,0,0.51,5.859,68.7,2.7019,5,296,16.6,393.23,9.64,22.6
0.817032,0.592008,0.974033,0.584803,0.498607,0.636124,0.325779,0.326372,0.269546,0.914025,0.670295,0.705235,0.147506,0.06664,0,4.05,0,0.51,6.546,33.1,3.1323,5,296,16.6,390.96,5.33,29.4
0.403183,0.00446,0.047869,0.408639,0.583502,0.233765,0.824525,0.087567,0.347161,0.275698,0.781692,0.493231,0.486739,0.07022,0,4.05,0,0.51,6.02,47.2,3.5549,5,296,16.6,393.23,10.11,23.2
0.029226,0.612429,0.928093,0.535525,0.871281,0.636624,0.479651,0.230824,0.141791,0.467954,0.282023,0.642263,0.030152,0.05425,0,4.05,0,0.51,6.315,73.4,3.3175,5,296,16.6,395.6,6.29,24.6
0.843583,0.137864,0.476592,0.170183,0.411939,0.825331,0.65911,0.195186,0.701694,0.479449,0.442512,0.578546,0.675682,0.06642,0,4.05,0,0.51,6.86,74.4,2.9153,5,296,16.6,391.27,6.92,29.9
0.91492,0.403141,0.159858,0.38332,0.298301,0.911539,0.561276,0.869114,0.586915,0.416707,0.854116,0.839591,0.241239,0.0578,0,2.46,0,0.488,6.98,58.4,2.829,3,193,17.8,396.9,5.04,37.2
0.300449,0.248654,0.14479,0.082607,0.080465,0.586827,0.817398,0.838116,0.121132,0.691094,0.570896,0.938967,0.93276,0.06588,0,2.46,0,0.488,7.765,83.3,2.741,3,193,17.8,395.56,7.56,39.8
0.891776,0.579883,0.189717,0.746674,0.840292,0.558958,0.124526,0.359506,0.66659,0.703578,0.543858,0.839743,0.161845,0.06888,0,2.46,0,0.488,6.144,62.2,2.5979,3,193,17.8,396.9,9.45,36.2
0.420434,0.441768,0.486008,0.410736,0.566584,0.793859,0.343662,0.102741,0.853258,0.999321,0.415597,0.900998,0.80252,0.09103,0,2.46,0,0.488,7.155,92.2,2.7006,3,193,17.8,394.12,4.82,37.9
0.896127,0.235255,0.152055,0.726546,0.834772,0.251731,0.166997,0.971809,0.735836,0.125487,0.057385,0.93459,0.530532,0.10008,0,2.46,0,0.488,6.563,95.6,2.847,3,193,17.8,396.9,5.68,32.5
0.84881,0.634293,0.603695,0.677967,0.449324,0.720351,0.03075,0.440873,0.45744,0.237342,0.560483,0.718441,0.464073,0.08308,0,2.46,0,0.488,5.604,89.8,2.9879,3,193,17.8,391,13.98,26.4
0.165315,0.928169,0.215493,0.91677,0.173136,0.461237,0.024929,0.142047,0.093398,0.669578,0.247147,0.470502,0.255063,0.06047,0,2.46,0,0.488,6.153,68.8,3.2797,3,193,17.8,387.11,13.15,29.6
0.463405,0.073083,0.285117,0.813277,0.263391,0.520078,0.273745,0.723328,0.156285,0.203052,0.195906,0.829019,0.19484,0.05602,0,2.46,0,0.488,7.831,53.6,3.1992,3,193,17.8,392.63,4.45,50
0.788922,0.778853,0.354382,0.487266,0.621833,0.458745,0.572888,0.695345,0.534636,0.015264,0.628799,0.416083,0.974188,0.07875,45,3.44,0,0.437,6.782,41.1,3.7886,5,398,15.2,393.87,6.68,32
0.710011,0.244493,0.008414,0.011847,0.610455,0.861314,0.961589,0.479922,0.979972,0.380977,0.680877,0.111039,0.948671,0.12579,45,3.44,0,0.437,6.556,29.1,4.5667,5,398,15.2,382.84,4.56,29.8
0.417905,0.374611,0.748728,0.05451,0.189052,0.591544,0.664591,0.705344,0.264278,0.084626,0.756811,0.4284,0.126664,0.0837,45,3.44,0,0.437,7.185,38.9,4.5667,5,398,15.2,396.9,5.39,34.9
0.325222,0.313529,0.843513,0.74492,0.00397,0.447002,0.294701,0.928505,0.71387,0.387307,0.115132,0.503477,0.436852,0.09068,45,3.44,0,0.437,6.951,21.5,6.4798,5,398,15.2,377.68,5.1,37
0.52552,0.204185,0.922758,0.019529,0.449355,0.499939,0.9905,0.040542,0.443788,0.849267,0.043609,0.931968,0.008318,0.06911,45,3.44,0,0.437,6.739,30.8,6.4798,5,398,15.2,389.71,4.69,30.5
0.78446,0.164288,0.777528,0.992246,0.881962,0.143685,0.952771,0.189623,0.524263,0.60636,0.082557,0.303046,0.371023,0.08664,45,3.44,0,0.437,7.178,26.3,6.4798,5,398,15.2,390.49,2.87,36.4
0.962573,0.445035,0.40908,0.613267,0.993596,0.203917,0.610816,0.863749,0.809244,0.020654,0.096318,0.596812,0.36534,0.02187,60,2.93,0,0.401,6.8,9.9,6.2196,1,265,15.6,393.37,5.03,31.1
0.708416,0.641865,0.968861,0.50187,0.523941,0.627009,0.916751,0.971066,0.84506,0.327656,0.513582,0.495753,0.641304,0.01439,60,2.93,0,0.401,6.604,18.8,6.2196,1,265,15.6,376.7,4.38,29.1
0.241878,0.128039,0.245897,0.042464,0.770074,0.344737,0.349276,0.160441,0.300466,0.763705,0.978176,0.067741,0.483127,0.01381,80,0.46,0,0.422,7.875,32,5.6484,4,255,14.4,394.23,2.97,50
0.200431,0.718001,0.751653,0.707262,0.753638,0.229916,0.472748,0.988022,0.660092,0.127345,0.744017,0.618173,0.160908,0.04011,80,1.52,0,0.404,7.287,34.1,7.309,2,329,12.6,396.9,4.08,33.3
0.02299,0.998078,0.979008,0.87629,0.02527,0.316878,0.003653,0.775111,0.490827,0.17979,0.978451,0.856563,0.484873,0.04666,80,1.52,0,0.404,7.107,36.6,7.309,2,329,12.6,354.31,8.61,30.3
0.670306,0.018535,0.87333,0.850692,0.298498,0.051734,0.492854,0.459762,0.711115,0.26604,0.321447,0.875076,0.910301,0.03768,80,1.52,0,0.404,7.274,38.3,7.309,2,329,12.6,392.2,6.62,34.6
0.648114,0.776626,0.048314,0.15478,0.838651,0.569744,0.943108,0.431772,0.799493,0.005541,0.4952,0.962251,0.652752,0.0315,95,1.47,0,0.403,6.975,15.3,7.6534,3,402,17,396.9,4.56,34.9
0.126826,0.460334,0.452888,0.874472,0.509876,0.352173,0.99914,0.192685,0.400906,0.497214,0.927699,0.565265,0.359468,0.01778,95,1.47,0,0.403,7.135,13.9,7.6534,3,402,17,384.3,4.45,32.9
0.30375,0.013967,0.490329,0.634682,0.875885,0.996198,0.12058,0.805612,0.004031,0.767787,0.499474,0.031185,0.026909,0.03445,82.5,2.03,0,0.415,6.162,38.4,6.27,2,348,14.7,393.77,7.43,24.1
0.191768,0.64864,0.496189,0.748123,0.824653,0.813817,0.271858,0.022312,0.243831,0.89609,0.947001,0.286423,0.936089,0.02177,82.5,2.03,0,0.415,7.61,15.7,6.27,2,348,14.7,395.38,3.11,42.3
0.450015,0.293798,0.783677,0.116663,0.95847,0.056463,0.830125,0.897343,0.451166,0.522634,0.757562,0.710381,0.323601,0.0351,95,2.68,0,0.4161,7.853,33.2,5.118,4,224,14.7,392.78,3.81,48.5
0.202436,0.182905,0.496924,0.099719,0.869476,0.410027,0.361594,0.743191,0.643036,0.128571,0.714349,0.902443,0.540462,0.02009,95,2.68,0,0.4161,8.034,31.9,5.118,4,224,14.7,390.55,2.88,50
0.570712,0.221973,0.403853,0.919887,0.365149,0.111111,0.684644,0.740132,0.587132,0.288171,0.539652,0.281203,0.343737,0.13642,0,10.59,0,0.489,5.891,22.3,3.9454,4,277,18.6,396.9,10.87,22.6
0.72775,0.109959,0.688036,0.313623,0.473104,0.362216,0.807435,0.10593,0.543902,0.983037,0.327236,0.8632,0.284753,0.22969,0,10.59,0,0.489,6.326,52.5,4.3549,4,277,18.6,394.87,10.97,24.4
0.05209,0.393803,0.236472,0.28578,0.441619,0.355811,0.278691,0.841055,0.99641,0.355446,0.938767,0.689377,0.516673,0.25199,0,10.59,0,0.489,5.783,72.7,4.3549,4,277,18.6,389.43,18.06,22.5
0.624706,0.447939,0.888265,0.644487,0.060332,0.011318,0.649403,0.004493,0.127687,0.984939,0.096274,0.166872,0.654656,0.13587,0,10.59,1,0.489,6.064,59.1,4.2392,4,277,18.6,381.32,14.66,24.4
0.096893,0.390779,0.425071,0.8024,0.099921,0.763195,0.834053,0.724844,0.048811,0.831325,0.163108,0.709182,0.041515,0.43571,0,10.59,1,0.489,5.344,100,3.875,4,277,18.6,396.9,23.09,20
0.407508,0.982746,0.612132,0.37889,0.952733,0.362802,0.453249,0.614578,0.167268,0.504918,0.246362,0.048909,0.155814,0.17446,0,10.59,1,0.489,5.96,92.1,3.8771,4,277,18.6,393.25,17.27,21.7
0.022656,0.80781,0.499947,0.84412,0.137542,0.543666,0.802571,0.507265,0.509737,0.029549,0.247949,0.195538,0.249318,0.37578,0,10.59,1,0.489,5.404,88.6,3.665,4,277,18.6,395.24,23.98,19.3
0.190938,0.41084,0.179037,0.651112,0.996968,0.592921,0.039351,0.975376,0.968653,0.955758,0.359966,0.369394,0.215358,0.21719,0,10.59,1,0.489,5.807,53.8,3.6526,4,277,18.6,390.94,16.03,22.4
0.07936,0.35596,0.748853,0.518417,0.998623,0.837139,0.921158,0.578776,0.067061,0.682715,0.559966,0.187245,0.314434,0.14052,0,10.59,0,0.489,6.375,32.3,3.9454,4,277,18.6,385.81,9.38,28.1
0.802535,0.368013,0.968302,0.188565,0.680665,0.92597,0.924848,0.332173,0.96745,0.451801,0.277667,0.652043,0.660678,0.28955,0,10.59,0,0.489,5.412,9.8,3.5875,4,277,18.6,348.93,29.55,23.7
0.051416,0.223411,0.748314,0.702385,0.635826,0.641669,0.578236,0.226215,0.670488,0.398142,0.237408,0.027991,0.29192,0.19802,0,10.59,0,0.489,6.182,42.4,3.9454,4,277,18.6,393.63,9.47,25
0.834925,0.943368,0.721852,0.02503,0.478876,0.008114,0.149257,0.476214,0.038745,0.67652,0.738564,0.803229,0.493038,0.0456,0,13.89,1,0.55,5.888,56,3.1121,5,276,16.4,392.8,13.51,23.3
0.382607,0.108808,0.776136,0.436145,0.511268,0.372622,0.558828,0.361038,0.865366,0.324501,0.323772,0.668779,0.65028,0.07013,0,13.89,0,0.55,6.642,85.1,3.4211,5,276,16.4,392.78,9.69,28.7
0.430133,0.931019,0.894877,0.076335,0.600887,0.212955,0.158725,0.330959,0.41181,0.66976,0.954201,0.708405,0.912923,0.11069,0,13.89,1,0.55,5.951,93.8,2.8893,5,276,16.4,396.9,17.92,21.5
0.37999,0.666317,0.471158,0.218654,0.498586,0.927472,0.287285,0.45725,0.932804,0.633798,0.810644,0.906264,0.004957,0.11425,0,13.89,1,0.55,6.373,92.4,3.3633,5,276,16.4,393.74,10.5,23
0.451974,0.319126,0.497194,0.423293,0.577648,0.217289,0.772677,0.140263,0.757886,0.805751,0.564621,0.16597,0.637007,0.35809,0,6.2,1,0.507,6.951,88.5,2.8617,8,307,17.4,391.7,9.71,26.7
0.213871,0.520716,0.595558,0.623495,0.515569,0.706508,0.582156,0.330455,0.621598,0.154732,0.107139,0.49606,0.637867,0.40771,0,6.2,1,0.507,6.164,91.3,3.048,8,307,17.4,395.24,21.46,21.7
0.410631,0.356687,0.654147,0.190659,0.244375,0.68261,0.94903,0.814271,0.539719,0.386287,0.02374,0.975082,0.47337,0.62356,0,6.2,1,0.507,6.879,77.7,3.2721,8,307,17.4,390.39,9.93,27.5
0.935891,0.523484,0.088046,0.118028,0.12792,0.708693,0.676938,0.511537,0.574821,0.318662,0.598865,0.858384,0.611916,0.6147,0,6.2,0,0.507,6.618,80.8,3.2721,8,307,17.4,396.9,7.6,30.1
0.055287,0.97308,0.245802,0.048564,0.630846,0.968711,0.100245,0.282697,0.075849,0.020555,0.403642,0.444098,0.892138,0.31533,0,6.2,0,0.504,8.266,78.3,2.8944,8,307,17.4,385.05,4.14,44.8
0.585863,0.527342,0.773023,0.028871,0.119613,0.584593,0.843485,0.684306,0.215115,0.498346,0.948605,0.465498,0.856796,0.52693,0,6.2,0,0.504,8.725,83,2.8944,8,307,17.4,382,4.63,50
0.946174,0.353666,0.456784,0.594336,0.07371,0.490325,0.092406,0.092901,0.980612,0.303905,0.893519,0.130299,0.942936,0.38214,0,6.2,0,0.504,8.04,86.5,3.2157,8,307,17.4,387.38,3.13,37.6
0.650383,0.656867,0.111288,0.249993,0.123913,0.384756,0.381581,0.966006,0.857537,0.832317,0.623928,0.966205,0.513524,0.41238,0,6.2,0,0.504,7.163,79.9,3.2157,8,307,17.4,372.08,6.36,31.6
0.556674,0.096844,0.886512,0.197804,0.510603,0.606043,0.783115,0.971608,0.692606,0.242448,0.898868,0.259216,0.328583,0.29819,0,6.2,0,0.504,7.686,17,3.3751,8,307,17.4,377.51,3.92,46.7
0.672391,0.846759,0.242154,0.536773,0.851551,0.692105,0.008713,0.712901,0.167521,0.734208,0.813657,0.662238,0.080031,0.44178,0,6.2,0,0.504,6.552,21.4,3.3751,8,307,17.4,380.34,3.76,31.5
0.539098,0.593757,0.030721,0.312127,0.405148,0.800843,0.021405,0.644287,0.699868,0.398651,0.620184,0.003349,0.746208,0.537,0,6.2,0,0.504,5.981,68.1,3.6715,8,307,17.4,378.35,11.65,24.3
0.690721,0.307032,0.274819,0.070198,0.238633,0.870861,0.798326,0.03024,0.77383,0.486535,0.415695,0.104706,0.498779,0.46296,0,6.2,0,0.504,7.412,76.9,3.6715,8,307,17.4,376.14,5.25,31.7
0.714559,0.081428,0.450026,0.764891,0.084906,0.389368,0.443973,0.875197,0.809249,0.855198,0.307772,0.625242,0.752453,0.57529,0,6.2,0,0.507,8.337,73.3,3.8384,8,307,17.4,385.91,2.47,41.7
0.412323,0.555838,0.338603,0.409942,0.966781,0.302198,0.77285,0.256703,0.882559,0.612383,0.142898,0.325821,0.269741,0.33147,0,6.2,0,0.507,8.247,70.4,3.6519,8,307,17.4,378.95,3.95,48.3
0.117815,0.22342,0.789935,0.150662,0.45111,0.026662,0.156961,0.453752,0.390522,0.810196,0.050443,0.408844,0.398728,0.44791,0,6.2,1,0.507,6.726,66.5,3.6519,8,307,17.4,360.2,8.05,29
0.587218,0.735849,0.297183,0.983392,0.281619,0.708295,0.059555,0.378015,0.118096,0.106142,0.001753,0.561953,0.958225,0.33045,0,6.2,0,0.507,6.086,61.5,3.6519,8,307,17.4,376.75,10.88,24
0.042259,0.069183,0.009086,0.146367,0.039532,0.96641,0.491088,0.709357,0.952469,0.92638,0.960729,0.315765,0.715445,0.52058,0,6.2,1,0.507,6.631,76.5,4.148,8,307,17.4,388.45,9.54,25.1
0.967379,0.099046,0.271191,0.879755,0.8531,0.991628,0.16279,0.602727,0.540608,0.085888,0.450324,0.258638,0.096891,0.51183,0,6.2,0,0.507,7.358,71.6,4.148,8,307,17.4,390.07,4.73,31.5
0.488217,0.834083,0.708622,0.36484,0.276061,0.25376,0.460388,0.086998,0.678746,0.460278,0.967884,0.409488,0.800952,0.08244,30,4.93,0,0.428,6.481,18.5,6.1899,6,300,16.6,379.41,6.36,23.7
0.485622,0.807466,0.196575,0.934207,0.582311,0.435295,0.395418,0.205233,0.856973,0.005195,0.437488,0.676467,0.454968,0.09252,30,4.93,0,0.428,6.606,42.2,6.1899,6,300,16.6,383.78,7.37,23.3
0.719488,0.126655,0.335511,0.249543,0.478619,0.880686,0.340871,0.359888,0.665542,0.694384,0.122343,0.290794,0.791375,0.11329,30,4.93,0,0.428,6.897,54.3,6.3361,6,300,16.6,391.25,11.38,22
0.889209,0.553912,0.572852,0.896593,0.764276,0.622867,0.84528,0.206924,0.25325,0.231111,0.264683,0.538881,0.965036,0.10612,30,4.93,0,0.428,6.095,65.1,6.3361,6,300,16.6,394.62,12.4,20.1
0.778539,0.027973,0.256219,0.49494,0.708758,0.36635,0.915368,0.193088,0.561087,0.2862,0.351417,0.0816,0.351842,0.1029,30,4.93,0,0.428,6.358,52.9,7.0355,6,300,16.6,372.75,11.22,22.2
0.005265,0.956809,0.325919,0.882541,0.864887,0.042699,0.429256,0.525936,0.031616,0.557714,0.794468,0.878692,0.258878,0.12757,30,4.93,0,0.428,6.393,7.8,7.0355,6,300,16.6,374.71,5.19,23.7
0.800075,0.80007,0.264574,0.552177,0.971825,0.253304,0.404413,0.003546,0.108805,0.832574,0.985889,0.882106,0.537576,0.20608,22,5.86,0,0.431,5.593,76.5,7.9549,7,330,19.1,372.49,12.5,17.6
0.101229,0.227357,0.324328,0.301901,0.362524,0.041837,0.608035,0.879271,0.333376,0.081148,0.956873,0.549724,0.768804,0.19133,22,5.86,0,0.431,5.605,70.2,7.9549,7,330,19.1,389.13,18.46,18.5
0.795658,0.966183,0.998746,0.948676,0.503815,0.632399,0.920407,0.38712,0.74142,0.226091,0.100834,0.107596,0.925077,0.33983,22,5.86,0,0.431,6.108,34.9,8.0555,7,330,19.1,390.18,9.16,24.3
0.433455,0.244802,0.545938,0.050231,0.640991,0.588584,0.19891,0.968154,0.671999,0.812171,0.775106,0.773313,0.699458,0.19657,22,5.86,0,0.431,6.226,79.2,8.0555,7,330,19.1,376.14,10.15,20.5
0.258845,0.065163,0.99718,0.412952,0.966049,0.025119,0.443469,0.802153,0.862584,0.252334,0.781336,0.686423,0.809158,0.16439,22,5.86,0,0.431,6.433,49.1,7.8265,7,330,19.1,374.71,9.52,24.5
0.050691,0.907115,0.193618,0.933663,0.800352,0.190512,0.431987,0.31829,0.786298,0.446257,0.246364,0.586439,0.867523,0.19073,22,5.86,0,0.431,6.718,17.5,7.8265,7,330,19.1,393.74,6.56,26.2
0.460809,0.535696,0.721943,0.152395,0.295575,0.761609,0.82221,0.711827,0.785594,0.342659,0.834923,0.769665,0.000834,0.1403,22,5.86,0,0.431,6.487,13,7.3967,7,330,19.1,396.28,5.9,24.4
0.236582,0.449544,0.204204,0.075749,0.475814,0.296124,0.946893,0.581276,0.453714,0.848956,0.371577,0.14911,0.442853,0.21409,22,5.86,0,0.431,6.438,8.9,7.3967,7,330,19.1,377.07,3.59,24.8
0.670652,0.93308,0.820322,0.081959,0.729689,0.395982,0.151354,0.993985,0.475542,0.456704,0.227432,0.365631,0.344062,0.08221,22,5.86,0,0.431,6.957,6.8,8.9067,7,330,19.1,386.09,3.53,29.6
0.636436,0.342466,0.584115,0.427002,0.322241,0.583588,0.822623,0.131714,0.377347,0.045646,0.429603,0.553178,0.004466,0.36894,22,5.86,0,0.431,8.259,8.4,8.9067,7,330,19.1,396.9,3.54,42.8
0.742667,0.02209,0.18166,0.345653,0.137241,0.697598,0.070466,0.127308,0.261726,0.722147,0.61763,0.168837,0.496124,0.04819,80,3.64,0,0.392,6.108,32,9.2203,1,315,16.4,392.89,6.57,21.9
0.118399,0.39265,0.838118,0.46364,0.732988,0.708885,0.972392,0.416684,0.077719,0.830055,0.236955,0.05309,0.048447,0.03548,80,3.64,0,0.392,5.876,19.1,9.2203,1,315,16.4,395.18,9.25,20.9
0.881403,0.524827,0.623368,0.511135,0.152185,0.941606,0.755779,0.424633,0.836977,0.343378,0.668246,0.655989,0.724494,0.01538,90,3.75,0,0.394,7.454,34.2,6.3361,3,244,15.9,386.34,3.11,44
0.284136,0.035223,0.717734,0.743683,0.086643,0.396122,0.105954,0.94998,0.769804,0.96541,0.653778,0.727764,0.088064,0.61154,20,3.97,0,0.647,8.704,86.9,1.801,5,264,13,389.7,5.12,50
0.603533,0.940131,0.686529,0.315605,0.410546,0.934284,0.745801,0.270635,0.661014,0.108817,0.733287,0.387977,0.158202,0.66351,20,3.97,0,0.647,7.333,100,1.8946,5,264,13,383.29,7.79,36
0.417157,0.509513,0.605098,0.316467,0.569598,0.309412,0.66028,0.618084,0.462803,0.537848,0.398657,0.277645,0.344121,0.65665,20,3.97,0,0.647,6.842,100,2.0107,5,264,13,391.93,6.9,30.1
0.369852,0.182747,0.566053,0.089799,0.514395,0.890599,0.942302,0.800494,0.171518,0.839843,0.202826,0.170125,0.292229,0.54011,20,3.97,0,0.647,7.203,81.8,2.1121,5,264,13,392.8,9.59,33.8
0.128855,0.896506,0.757486,0.412846,0.063098,0.204827,0.393644,0.445977,0.010866,0.778601,0.876027,0.60381,0.4746,0.53412,20,3.97,0,0.647,7.52,89.4,2.1398,5,264,13,388.37,7.26,43.1
0.216315,0.668257,0.497292,0.163181,0.94059,0.278824,0.129562,0.562015,0.382283,0.052807,0.680639,0.900476,0.737851,0.52014,20,3.97,0,0.647,8.398,91.5,2.2885,5,264,13,386.86,5.91,48.8
0.665277,0.197842,0.662953,0.872652,0.316611,0.220248,0.222981,0.535915,0.899268,0.332885,0.954204,0.593103,0.827487,0.82526,20,3.97,0,0.647,7.327,94.5,2.0788,5,264,13,393.42,11.25,31
0.640421,0.482917,0.769834,0.023031,0.164889,0.727371,0.505034,0.274784,0.45843,0.07867,0.282766,0.156141,0.132011,0.55007,20,3.97,0,0.647,7.206,91.6,1.9301,5,264,13,387.89,8.1,36.5
0.838718,0.409463,0.855704,0.915637,0.015003,0.703948,0.925848,0.380827,0.145007,0.70075,0.748331,0.211128,0.976024,0.76162,20,3.97,0,0.647,5.56,62.8,1.9865,5,264,13,392.4,10.45,22.8
0.510086,0.693028,0.391865,0.144057,0.618589,0.998194,0.499165,0.625564,0.371281,0.246386,0.755965,0.145362,0.672745,0.7857,20,3.97,0,0.647,7.014,84.6,2.1329,5,264,13,384.07,14.79,30.7
0.321675,0.053938,0.561234,0.509684,0.603155,0.074498,0.963072,0.487281,0.259091,0.897646,0.951678,0.98597,0.533385,0.57834,20,3.97,0,0.575,8.297,67,2.4216,5,264,13,384.54,7.44,50
0.174909,0.884883,0.036875,0.948624,0.68966,0.106442,0.62497,0.044907,0.174092,0.128695,0.20341,0.805182,0.375536,0.5405,20,3.97,0,0.575,7.47,52.6,2.872,5,264,13,390.3,3.16,43.5
0.135132,0.106778,0.696094,0.883449,0.418337,0.284369,0.018135,0.975274,0.959139,0.678225,0.228335,0.975517,0.071761,0.09065,20,6.96,1,0.464,5.92,61.5,3.9175,3,223,18.6,391.34,13.65,20.7
0.411606,0.863175,0.805082,0.528876,0.355205,0.874531,0.816359,0.469359,0.828497,0.02529,0.291328,0.023465,0.085324,0.29916,20,6.96,0,0.464,5.856,42.1,4.429,3,223,18.6,388.65,13,21.1
0.844422,0.362661,0.173578,0.324366,0.423661,0.718856,0.930572,0.543018,0.99187,0.757218,0.992959,0.010387,0.159165,0.16211,20,6.96,0,0.464,6.24,16.3,4.429,3,223,18.6,396.9,6.59,25.2
0.75642,0.185878,0.001249,0.010918,0.983021,0.022112,0.013858,0.936627,0.673094,0.466981,0.525771,0.117521,0.893692,0.1146,20,6.96,0,0.464,6.538,58.7,3.9175,3,223,18.6,394.96,7.73,24.4
0.921135,0.018347,0.487102,0.895229,0.706402,0.657284,0.970612,0.771258,0.798016,0.224144,0.482659,0.282614,0.404044,0.22188,20,6.96,1,0.464,7.691,51.8,4.3665,3,223,18.6,390.77,6.58,35.2
0.330695,0.977915,0.52627,0.196824,0.552532,0.456507,0.418845,0.567074,0.915646,0.448495,0.305409,0.09135,0.94785,0.05644,40,6.41,1,0.447,6.758,32.9,4.0776,4,254,17.6,396.9,3.53,32.4
0.278648,0.435818,0.917942,0.314287,0.584612,0.141776,0.166395,0.027128,0.428638,0.366101,0.823822,0.800855,0.030595,0.09604,40,6.41,0,0.447,6.854,42.8,4.2673,4,254,17.6,396.9,2.98,32
0.748924,0.4257,0.904195,0.14578,0.467812,0.535628,0.238459,0.323686,0.003029,0.898577,0.818997,0.948298,0.743315,0.10469,40,6.41,1,0.447,7.267,49,4.7872,4,254,17.6,389.25,6.05,33.2
0.142556,0.384426,0.924087,0.824136,0.250405,0.87237,0.863802,0.967996,0.334394,0.629769,0.832827,0.854714,0.354146,0.06127,40,6.41,1,0.447,6.826,27.6,4.8628,4,254,17.6,393.45,4.16,33.1
0.319128,0.358526,0.744615,0.992053,0.499032,0.597821,0.790349,0.718722,0.921516,0.508247,0.39609,0.89953,0.770928,0.07978,40,6.41,0,0.447,6.482,32.1,4.1403,4,254,17.6,396.9,7.19,29.1
0.792943,0.773501,0.585724,0.959577,0.185134,0.238991,0.979772,0.206386,0.464465,0.824661,0.737944,0.438396,0.897906,0.21038,20,3.33,0,0.4429,6.812,32.2,4.1007,5,216,14.9,396.9,4.85,35.1
0.639186,0.029927,0.128296,0.212027,0.497944,0.280954,0.918996,0.885373,0.208751,0.192427,0.820363,0.936433,0.02901,0.03578,20,3.33,0,0.4429,7.82,64.5,4.6947,5,216,14.9,387.31,3.76,45.4
0.339253,0.237063,0.941417,0.026802,0.252345,0.589228,0.700194,0.732533,0.419867,0.247635,0.08423,0.358173,0.8284,0.03705,20,3.33,0,0.4429,6.968,37.2,5.2447,5,216,14.9,392.23,4.59,35.4
0.955415,0.295142,0.619751,0.713691,0.951934,0.642291,0.547448,0.500086,0.033934,0.355706,0.64324,0.208686,0.642963,0.06129,20,3.33,1,0.4429,7.645,49.7,5.2119,5,216,14.9,377.07,3.01,46
0.873052,0.812205,0.93675,0.81426,0.215158,0.61703,0.417359,0.805331,0.902921,0.101099,0.283426,0.268594,0.540257,0.01501,90,1.21,1,0.401,7.923,24.8,5.885,1,198,13.6,395.52,3.16,50
0.00615,0.307587,0.420054,0.62685,0.953896,0.423762,0.65409,0.452407,0.371714,0.872229,0.657584,0.967125,0.659776,0.00906,90,2.97,0,0.4,7.088,20.8,7.3073,1,285,15.3,394.72,7.85,32.2
0.122318,0.176317,0.688669,0.607315,0.859326,0.887305,0.839704,0.980481,0.795513,0.613408,0.564802,0.246693,0.968075,0.01096,55,2.25,0,0.389,6.453,31.9,7.3073,1,300,15.3,394.72,8.23,22
0.523257,0.627726,0.576464,0.520951,0.771596,0.983921,0.023683,0.914019,0.057957,0.272732,0.407026,0.491654,0.003857,0.01965,80,1.76,0,0.385,6.23,31.5,9.0892,1,241,18.2,341.6,12.93,20.1
0.102944,0.475716,0.84391,0.974312,0.93155,0.985026,0.437998,0.746388,0.88332,0.649919,0.470609,0.7214,0.543912,0.03871,52.5,5.32,0,0.405,6.209,31.3,7.3172,6,293,16.6,396.9,7.14,23.2
0.108487,0.25201,0.162537,0.969807,0.900424,0.438458,0.775189,0.557322,0.372014,0.05849,0.916085,0.429357,0.593316,0.0459,52.5,5.32,0,0.405,6.315,45.6,7.3172,6,293,16.6,396.9,7.6,22.3
0.228987,0.689373,0.978889,0.030941,0.724653,0.594868,0.717305,0.883864,0.521488,0.326715,0.521214,0.627168,0.653527,0.04297,52.5,5.32,0,0.405,6.565,22.9,7.3172,6,293,16.6,371.72,9.51,24.8
0.83923,0.527546,0.933213,0.918633,0.277353,0.41536,0.915988,0.116276,0.740317,0.332448,0.729556,0.316563,0.722239,0.03502,80,4.95,0,0.411,6.861,27.9,5.1167,4,245,19.2,396.9,3.33,28.5
0.902732,0.726323,0.251097,0.972778,0.357107,0.978475,0.22304,0.154947,0.409356,0.206477,0.250211,0.546281,0.972801,0.07886,80,4.95,0,0.411,7.148,27.7,5.1167,4,245,19.2,396.9,3.56,37.3
0.689724,0.219919,0.143932,0.188694,0.221616,0.538815,0.012922,0.268351,0.200048,0.052089,0.846697,0.751043,0.014735,0.03615,80,4.95,0,0.411,6.63,23.4,5.1167,4,245,19.2,396.9,4.7,27.9
0.758999,0.053954,0.868503,0.592641,0.603904,0.82141,0.70209,0.259169,0.107612,0.067036,0.478753,0.343628,0.187855,0.08265,0,13.92,0,0.437,6.127,18.4,5.5027,4,289,16,396.9,8.58,23.9
0.67892,0.147115,0.001155,0.67848,0.649089,0.307729,0.505144,0.946326,0.399358,0.166551,0.226578,0.716611,0.550436,0.08199,0,13.92,0,0.437,6.009,42.3,5.5027,4,289,16,396.9,10.4,21.7
0.485154,0.596792,0.393652,0.269931,0.539138,0.270403,0.446444,0.172355,0.990824,0.988087,0.461003,0.380681,0.318198,0.12932,0,13.92,0,0.437,6.678,31.1,5.9604,4,289,16,396.9,6.27,28.6
0.575189,0.781715,0.583736,0.387746,0.182522,0.430224,0.212098,0.662293,0.142025,0.702332,0.225531,0.942304,0.148849,0.05372,0,13.92,0,0.437,6.549,51,5.9604,4,289,16,392.85,7.39,27.1
0.479134,0.93148,0.443103,0.533349,0.2477,0.173953,0.546964,0.003534,0.981668,0.600138,0.389111,0.822212,0.171786,0.14103,0,13.92,0,0.437,5.79,58,6.32,4,289,16,396.9,15.84,20.3
0.000727,0.056577,0.04042,0.30184,0.948738,0.91476,0.212005,0.243632,0.809664,0.507349,0.605943,0.901951,0.281416,0.06466,70,2.24,0,0.4,6.345,20.1,7.8278,5,358,14.8,368.24,4.97,22.5
0.542347,0.433586,0.98054,0.756421,0.454339,0.075426,0.578869,0.369815,0.660165,0.782153,0.696257,0.819763,0.36424,0.05561,70,2.24,0,0.4,7.041,10,7.8278,5,358,14.8,371.58,4.74,29
0.884977,0.285949,0.428291,0.428649,0.116589,0.301486,0.48207,0.541822,0.413523,0.852457,0.62772,0.127316,0.655305,0.04417,70,2.24,0,0.4,6.871,47.4,7.8278,5,358,14.8,390.86,6.07,24.8
0.332646,0.005464,0.133324,0.846995,0.102873,0.38772,0.128198,0.997083,0.182125,0.88052,0.640289,0.470169,0.831492,0.03537,34,6.09,0,0.433,6.59,40.4,5.4917,7,329,16.1,395.75,9.5,22
0.416556,0.634492,0.71034,0.879139,0.585939,0.34425,0.501179,0.179865,0.54061,0.422477,0.199562,0.919131,0.181912,0.09266,34,6.09,0,0.433,6.495,18.4,5.4917,7,329,16.1,383.61,8.67,26.4
0.424622,0.331799,0.28748,0.937403,0.696697,0.40215,0.549988,0.806128,0.875543,0.651789,0.788165,0.405406,0.855983,0.1,34,6.09,0,0.433,6.982,17.7,5.4917,7,329,16.1,390.43,4.86,33.1
0.937168,0.93092,0.177381,0.824816,0.688091,0.224147,0.419178,0.252716,0.065335,0.405565,0.126762,0.295226,0.805765,0.05515,33,2.18,0,0.472,7.236,41.1,4.022,7,222,18.4,393.68,6.93,36.1
0.540312,0.2706,0.135023,0.071223,0.583774,0.351641,0.42405,0.139332,0.411996,0.605332,0.252841,0.67184,0.31108,0.05479,33,2.18,0,0.472,6.616,58.1,3.37,7,222,18.4,393.36,8.93,28.4
0.608613,0.831,0.900352,0.451592,0.302065,0.98977,0.393913,0.087506,0.198048,0.410282,0.145567,0.11359,0.525943,0.07503,33,2.18,0,0.472,7.42,71.9,3.0992,7,222,18.4,396.9,6.47,33.4
0.822959,0.992266,0.360239,0.715594,0.335125,0.659401,0.343231,0.022277,0.072184,0.239403,0.859467,0.202413,0.106738,0.04932,33,2.18,0,0.472,6.849,70.3,3.1827,7,222,18.4,396.9,7.53,28.2
0.165512,0.386392,0.753628,0.659417,0.428804,0.377336,0.287998,0.706462,0.235801,0.803936,0.681185,0.750584,0.89233,0.49298,0,9.9,0,0.544,6.635,82.5,3.3175,4,304,18.4,396.9,4.54,22.8
0.929804,0.828016,0.757995,0.604784,0.925422,0.75917,0.931687,0.437681,0.840577,0.825239,0.836681,0.674594,0.691449,0.3494,0,9.9,0,0.544,5.972,76.7,3.1025,4,304,18.4,396.24,9.97,20.3
0.641525,0.971328,0.078297,0.230657,0.996838,0.46561,0.101886,0.515329,0.26835,0.773821,0.1074,0.500653,0.302967,2.63548,0,9.9,0,0.544,4.973,37.8,2.5194,4,304,18.4,350.45,12.64,16.1
0.216947,0.481324,0.777315,0.94124,0.57756,0.471742,0.347184,0.515797,0.873677,0.898714,0.141489,0.879917,0.931394,0.79041,0,9.9,0,0.544,6.122,52.8,2.6403,4,304,18.4,396.9,5.98,22.1
0.625789,0.258387,0.176377,0.507614,0.498125,0.76606,0.298107,0.963719,0.073867,0.964709,0.720238,0.993773,0.566464,0.26169,0,9.9,0,0.544,6.023,90.4,2.834,4,304,18.4,396.3,11.72,19.4
0.380129,0.292159,0.777434,0.344571,0.880228,0.864867,0.971613,0.31592,0.289756,0.467702,0.132668,0.907685,0.747253,0.26938,0,9.9,0,0.544,6.266,82.8,3.2628,4,304,18.4,393.39,7.9,21.6
0.36901,0.517615,0.542839,0.280673,0.971754,0.337933,0.543628,0.491207,0.514025,0.941461,0.666547,0.400505,0.42487,0.3692,0,9.9,0,0.544,6.567,87.3,3.6023,4,304,18.4,395.69,9.28,23.8
0.599888,0.623691,0.671226,0.146964,0.128234,0.809745,0.537855,0.487924,0.224974,0.135665,0.007824,0.465934,0.542446,0.25356,0,9.9,0,0.544,5.705,77.7,3.945,4,304,18.4,396.42,11.5,16.2
0.915081,0.940028,0.051813,0.59348,0.865855,0.350953,0.363092,0.9841,0.907065,0.964894,0.690342,0.011895,0.057607,0.31827,0,9.9,0,0.544,5.914,83.2,3.9986,4,304,18.4,390.7,18.33,17.8
0.517821,0.164783,0.112348,0.685263,0.769995,0.077233,0.578834,0.560742,0.691624,0.878144,0.213182,0.527,0.70368,0.24522,0,9.9,0,0.544,5.782,71.7,4.0317,4,304,18.4,396.9,15.94,19.8
0.384297,0.957009,0.216705,0.52017,0.414542,0.195098,0.75529,0.222735,0.120132,0.652037,0.775635,0.942613,0.006008,0.40202,0,9.9,0,0.544,6.382,67.2,3.5325,4,304,18.4,395.21,10.36,23.1
0.242776,0.008932,0.957624,0.135451,0.374842,0.790497,0.816037,0.906463,0.9588,0.088699,0.922867,0.193049,0.29545,0.47547,0,9.9,0,0.544,6.113,58.8,4.0019,4,304,18.4,396.23,12.73,21
0.578163,0.641391,0.141019,0.662057,0.366883,0.757417,0.978508,0.39774,0.478659,0.018671,0.57402,0.210591,0.470705,0.1676,0,7.38,0,0.493,6.426,52.3,4.5404,5,287,19.6,396.9,7.2,23.8
0.051634,0.78151,0.405176,0.174551,0.654931,0.368246,0.929969,0.574229,0.954117,0.734461,0.66592,0.228674,0.504763,0.18159,0,7.38,0,0.493,6.376,54.3,4.5404,5,287,19.6,396.9,6.87,23.1
0.213539,0.234021,0.867487,0.14731,0.198861,0.85012,0.457482,0.716119,0.040701,0.172549,0.908611,0.295059,0.540538,0.35114,0,7.38,0,0.493,6.041,49.9,4.7211,5,287,19.6,396.9,7.7,20.4
0.50887,0.841977,0.971452,0.337947,0.792322,0.753792,0.073974,0.177378,0.557191,0.028883,0.254423,0.103194,0.420626,0.28392,0,7.38,0,0.493,5.708,74.3,4.7211,5,287,19.6,391.13,11.74,18.5
0.325231,0.641349,0.517696,0.297051,0.326958,0.982149,0.105521,0.40413,0.328151,0.539968,0.643003,0.46726,0.611888,0.34109,0,7.38,0,0.493,6.415,40.1,4.7211,5,287,19.6,396.9,6.12,25
0.38244,0.686426,0.326796,0.366901,0.631378,0.730086,0.505527,0.850272,0.621379,0.940362,0.335128,0.62452,0.354951,0.19186,0,7.38,0,0.493,6.431,14.7,5.4159,5,287,19.6,393.68,5.08,24.6
0.70142,0.395102,0.892708,0.844927,0.323466,0.718249,0.289893,0.043812,0.244386,0.966351,0.794725,0.724259,0.051237,0.30347,0,7.38,0,0.493,6.312,28.9,5.4159,5,287,19.6,396.9,6.15,23
0.980597,0.118165,0.959362,0.111541,0.199968,0.4695,0.815559,0.968036,0.119881,0.110327,0.149612,0.329484,0.127321,0.24103,0,7.38,0,0.493,6.083,43.7,5.4159,5,287,19.6,396.9,12.79,22.2
0.635193,0.054368,0.077253,0.664589,0.708801,0.765004,0.196941,0.153669,0.639389,0.333264,0.957265,0.036142,0.041493,0.06617,0,3.24,0,0.46,5.868,25.8,5.2146,4,430,16.9,382.44,9.97,19.3
0.375049,0.54019,0.681153,0.668849,0.51999,0.159505,0.436577,0.842894,0.9656,0.352992,0.444478,0.722269,0.545646,0.06724,0,3.24,0,0.46,6.333,17.2,5.2146,4,430,16.9,375.21,7.34,22.6
0.78818,0.363398,0.055876,0.370645,0.565061,0.662619,0.475417,0.241358,0.808573,0.479813,0.873029,0.840533,0.534038,0.04544,0,3.24,0,0.46,6.144,32.2,5.8736,4,430,16.9,368.57,9.09,19.8
0.410474,0.853285,0.127618,0.393204,0.758599,0.581555,0.404275,0.975106,0.801254,0.851378,0.923283,0.223095,0.718056,0.05023,35,6.06,0,0.4379,5.706,28.4,6.6407,1,304,16.9,394.02,12.43,17.1
0.568736,0.655224,0.40901,0.913554,0.977751,0.544181,0.752373,0.21742,0.130469,0.205597,0.371675,0.285743,0.303666,0.03466,35,6.06,0,0.4379,6.031,23.3,6.6407,1,304,16.9,362.25,7.83,19.4
0.428678,0.917117,0.633739,0.218766,0.456062,0.900313,0.735024,0.644457,0.397019,0.450319,0.175827,0.303571,0.82844,0.05083,0,5.19,0,0.515,6.316,38.1,6.4584,5,224,20.2,389.71,5.68,22.2
0.127279,0.011669,0.810254,0.387528,0.169049,0.85095,0.925506,0.063918,0.061148,0.965424,0.854117,0.634996,0.272506,0.03738,0,5.19,0,0.515,6.31,38.5,6.4584,5,224,20.2,389.4,6.75,20.7
0.257803,0.349069,0.194691,0.37853,0.844487,0.64406,0.263106,0.680062,0.227587,0.077066,0.65816,0.743131,0.598876,0.03961,0,5.19,0,0.515,6.037,34.5,5.9853,5,224,20.2,396.9,8.01,21.1
0.86539,0.554609,0.293207,0.712928,0.136178,0.162679,0.03919,0.000525,0.809683,0.54275,0.061999,0.49906,0.531757,0.03427,0,5.19,0,0.515,5.869,46.3,5.2311,5,224,20.2,396.9,9.8,19.5
0.232783,0.596705,0.63812,0.094085,0.143753,0.924453,0.356701,0.141708,0.328825,0.293742,0.028055,0.242728,0.846754,0.03041,0,5.19,0,0.515,5.895,59.6,5.615,5,224,20.2,394.81,10.56,18.5
0.242914,0.951331,0.097042,0.640741,0.652407,0.416264,0.048458,0.082949,0.219161,0.509297,0.025828,0.16324,0.846455,0.03306,0,5.19,0,0.515,6.059,37.3,4.8122,5,224,20.2,396.14,8.51,20.6
0.822818,0.724621,0.647784,0.143187,0.186786,0.354951,0.600627,0.385262,0.656288,0.303248,0.965942,0.77747,0.322715,0.05497,0,5.19,0,0.515,5.985,45.4,4.8122,5,224,20.2,396.9,9.74,19
0.648808,0.768605,0.334548,0.656635,0.625874,0.744013,0.866076,0.204755,0.671696,0.642576,0.831975,0.217083,0.878732,0.06151,0,5.19,0,0.515,5.968,58.5,4.8122,5,224,20.2,396.9,9.29,18.7
0.844972,0.205086,0.884745,0.388949,0.785889,0.88213,0.296512,0.567636,0.883675,0.391402,0.530222,0.059138,0.387614,0.01301,35,1.52,0,0.442,7.241,49.3,7.0379,1,284,15.5,394.74,5.49,32.7
0.176619,0.705595,0.754719,0.835693,0.042903,0.964584,0.77237,0.853489,0.223584,0.681051,0.189609,0.981269,0.908951,0.02498,0,1.89,0,0.518,6.54,59.7,6.2669,1,422,15.9,389.96,8.65,16.5
0.240045,0.19425,0.152481,0.375007,0.90516,0.842702,0.487501,0.073583,0.888868,0.79294,0.108562,0.312541,0.052507,0.02543,55,3.78,0,0.484,6.696,56.4,5.7321,5,370,17.6,396.9,7.18,23.9
0.31448,0.974976,0.494011,0.516344,0.047647,0.405146,0.545817,0.695664,0.658201,0.848425,0.713164,0.856039,0.471804,0.03049,55,3.78,0,0.484,6.874,28.1,6.4654,5,370,17.6,387.97,4.61,31.2
0.977724,0.311844,0.346257,0.955248,0.9511,0.001467,0.164841,0.617117,0.078538,0.31765,0.133248,0.246403,0.465272,0.03113,0,4.39,0,0.442,6.014,48.5,8.0136,3,352,18.8,385.64,10.53,17.5
0.822146,0.184662,0.926238,0.823114,0.128868,0.22259,0.544468,0.132545,0.719412,0.474039,0.364294,0.689169,0.055893,0.06162,0,4.39,0,0.442,5.898,52.3,8.0136,3,352,18.8,364.61,12.67,17.2
0.842555,0.822155,0.814765,0.63471,0.334341,0.11155,0.357592,0.884563,0.199345,0.765301,0.92884,0.620012,0.080749,0.0187,85,4.15,0,0.429,6.516,27.7,8.5353,4,351,17.9,392.43,6.36,23.1
0.424096,0.999265,0.530617,0.572704,0.897329,0.724604,0.434099,0.379809,0.457253,0.77566,0.619317,0.578846,0.840528,0.01501,80,2.01,0,0.435,6.635,29.7,8.344,4,280,17,390.94,5.99,24.5
0.63062,0.337705,0.74351,0.850017,0.88998,0.668149,0.944428,0.544306,0.3746,0.194153,0.354338,0.171085,0.498394,0.02899,40,1.25,0,0.429,6.939,34.5,8.7921,1,335,19.7,389.85,5.89,26.6
0.397868,0.630959,0.100811,0.946563,0.543747,0.368196,0.318543,0.379019,0.380284,0.453886,0.643981,0.187968,0.362409,0.06211,40,1.25,0,0.429,6.49,44.4,8.7921,1,335,19.7,396.9,5.98,22.9
0.65886,0.734466,0.244596,0.813219,0.772333,0.000679,0.257928,0.25003,0.789818,0.487722,0.289744,0.878351,0.292239,0.0795,60,1.69,0,0.411,6.579,35.9,10.7103,4,411,18.3,370.78,5.49,24.1
0.680788,0.823652,0.614899,0.505471,0.767426,0.133759,0.681004,0.947515,0.965505,0.174218,0.066954,0.65125,0.017553,0.07244,60,1.69,0,0.411,5.884,18.5,10.7103,4,411,18.3,392.33,7.79,18.6
0.45482,0.878529,0.006525,0.782165,0.062008,0.66553,0.876961,0.909745,0.728925,0.388101,0.498379,0.584068,0.09253,0.01709,90,2.02,0,0.41,6.728,36.1,12.1265,5,187,17,384.46,4.5,30.1
0.755909,0.45237,0.676986,0.657802,0.759652,0.837018,0.792187,0.015672,0.026891,0.283309,0.846749,0.505162,0.410281,0.04301,80,1.91,0,0.413,5.663,21.9,10.5857,4,334,22,382.8,8.05,18.2
0.054146,0.019075,0.6203,0.703543,0.538976,0.262865,0.421712,0.982191,0.534913,0.23152,0.971469,0.897235,0.706719,0.10659,80,1.91,0,0.413,5.936,19.5,10.5857,4,334,22,376.04,5.57,20.6
0.309455,0.161554,0.625782,0.573012,0.713622,0.649225,0.081933,0.586646,0.48757,0.220181,0.223891,0.763107,0.761269,8.98296,0,18.1,1,0.77,6.212,97.4,2.1222,24,666,20.2,377.73,17.6,17.8
0.486494,0.301102,0.054602,0.101496,0.884943,0.305673,0.678574,0.895167,0.534621,0.032985,0.530511,0.037499,0.189596,3.8497,0,18.1,1,0.77,6.395,91,2.5052,24,666,20.2,391.34,13.27,21.7
0.477226,0.611433,0.183756,0.755534,0.31412,0.647702,0.405586,0.183572,0.238344,0.041195,0.840922,0.294374,0.880613,5.20177,0,18.1,1,0.77,6.127,83.4,2.7227,24,666,20.2,395.43,11.48,22.7
0.777582,0.793748,0.202955,0.855185,0.981595,0.618027,0.988618,0.857137,0.026828,0.321668,0.225563,0.862764,0.488115,4.26131,0,18.1,0,0.77,6.112,81.3,2.5091,24,666,20.2,390.74,12.67,22.6
0.416403,0.89092,0.892586,0.061639,0.735354,0.61436,0.164678,0.022851,0.996714,0.27934,0.79743,0.045289,0.599555,4.54192,0,18.1,0,0.77,6.398,88,2.5182,24,666,20.2,374.56,7.79,25
0.135931,0.716189,0.969796,0.123002,0.968403,0.931783,0.533489,0.353946,0.0862,0.227415,0.924112,0.750278,0.596075,3.83684,0,18.1,0,0.77,6.251,91.1,2.2955,24,666,20.2,350.65,14.19,19.9
0.951854,0.488485,0.546395,0.852958,0.844313,0.539078,0.863548,0.969506,0.405753,0.003883,0.68561,0.364618,0.035964,3.67822,0,18.1,0,0.77,5.362,96.2,2.1036,24,666,20.2,380.79,10.19,20.8
0.927411,0.172978,0.000013,0.129054,0.31445,0.887165,0.946583,0.486737,0.1827,0.761063,0.435317,0.271467,0.057129,4.22239,0,18.1,1,0.77,5.803,89,1.9047,24,666,20.2,353.04,14.64,16.8
0.152507,0.889204,0.393886,0.235251,0.569689,0.367816,0.899355,0.491759,0.031122,0.435707,0.523919,0.762666,0.643853,3.47428,0,18.1,1,0.718,8.78,82.9,1.9047,24,666,20.2,354.55,5.29,21.9
0.56904,0.684303,0.887989,0.829387,0.343364,0.522515,0.56501,0.015185,0.456872,0.017443,0.558397,0.715062,0.151658,4.55587,0,18.1,0,0.718,3.561,87.9,1.6132,24,666,20.2,354.7,7.12,27.5
0.893546,0.386706,0.033762,0.929615,0.752871,0.462118,0.192518,0.336824,0.427224,0.806651,0.972228,0.844628,0.666171,3.69695,0,18.1,0,0.718,4.963,91.4,1.7523,24,666,20.2,316.03,14,21.9
0.59554,0.11405,0.527377,0.620847,0.428707,0.562147,0.61931,0.521902,0.926004,0.159778,0.581631,0.47105,0.193867,13.5222,0,18.1,0,0.631,3.863,100,1.5106,24,666,20.2,131.42,13.33,23.1
0.754126,0.062979,0.674931,0.26575,0.247702,0.007142,0.667917,0.498587,0.049929,0.327951,0.27142,0.913658,0.372789,4.89822,0,18.1,0,0.631,4.97,100,1.3325,24,666,20.2,375.52,3.26,50
0.867971,0.259678,0.181771,0.244795,0.449286,0.378613,0.733096,0.509388,0.92448,0.517867,0.989857,0.089758,0.050047,5.66998,0,18.1,1,0.631,6.683,96.8,1.3567,24,666,20.2,375.33,3.73,50
0.988012,0.097037,0.773773,0.072986,0.57963,0.219652,0.594277,0.24018,0.49349,0.153348,0.003733,0.837734,0.322067,6.53876,0,18.1,1,0.631,7.016,97.5,1.2024,24,666,20.2,392.05,2.96,50
0.203365,0.372785,0.869141,0.870865,0.059646,0.416823,0.273711,0.480164,0.703704,0.949783,0.463586,0.475871,0.267241,9.2323,0,18.1,0,0.631,6.216,100,1.1691,24,666,20.2,366.15,9.53,50
0.785976,0.615155,0.995354,0.874696,0.112598,0.665363,0.379973,0.470633,0.323253,0.086729,0.017188,0.216794,0.83455,8.26725,0,18.1,1,0.668,5.875,89.6,1.1296,24,666,20.2,347.88,8.88,50
0.654639,0.663397,0.492153,0.698282,0.672736,0.911327,0.806658,0.790526,0.049434,0.484214,0.528244,0.947825,0.014919,11.1081,0,18.1,0,0.668,4.906,100,1.1742,24,666,20.2,396.9,34.77,13.8
0.740566,0.850885,0.115588,0.872929,0.975093,0.977867,0.28727,0.160197,0.842786,0.468882,0.66668,0.248769,0.968551,18.4982,0,18.1,0,0.668,4.138,100,1.137,24,666,20.2,396.9,37.97,13.8
0.658117,0.680448,0.415867,0.21169,0.214777,0.967245,0.059502,0.734326,0.642707,0.553678,0.041013,0.224152,0.490281,19.6091,0,18.1,0,0.671,7.313,97.9,1.3163,24,666,20.2,396.9,13.44,15
0.524677,0.024939,0.247239,0.945945,0.460828,0.753818,0.6447,0.906348,0.959026,0.232512,0.321193,0.848277,0.175264,15.288,0,18.1,0,0.671,6.649,93.3,1.3449,24,666,20.2,363.02,23.24,13.9
0.499626,0.178469,0.325436,0.354035,0.10627,0.980648,0.551536,0.768331,0.45519,0.459058,0.887551,0.880926,0.220196,9.82349,0,18.1,0,0.671,6.794,98.8,1.358,24,666,20.2,396.9,21.24,13.3
0.498809,0.064564,0.921292,0.171697,0.701502,0.25116,0.563686,0.755809,0.008411,0.206774,0.38487,0.521036,0.592316,23.6482,0,18.1,0,0.671,6.38,96.2,1.3861,24,666,20.2,396.9,23.69,13.1
0.888845,0.69078,0.11038,0.290871,0.476506,0.98647,0.790779,0.884758,0.017295,0.526131,0.047099,0.289727,0.649636,17.8667,0,18.1,0,0.671,6.223,100,1.3861,24,666,20.2,393.74,21.78,10.2
0.656555,0.235484,0.946291,0.881062,0.714826,0.718525,0.33565,0.400468,0.163313,0.580482,0.331127,0.517906,0.673882,88.9762,0,18.1,0,0.671,6.968,91.9,1.4165,24,666,20.2,396.9,17.21,10.4
0.688172,0.715765,0.071673,0.661822,0.082104,0.258498,0.27829,0.899555,0.279784,0.155748,0.965731,0.752992,0.06434,15.8744,0,18.1,0,0.671,6.545,99.1,1.5192,24,666,20.2,396.9,21.08,10.9
0.725633,0.498428,0.364494,0.972198,0.578952,0.167361,0.138706,0.712805,0.077928,0.726697,0.569211,0.673261,0.085214,9.18702,0,18.1,0,0.7,5.536,100,1.5804,24,666,20.2,396.9,23.6,11.3
0.032169,0.100764,0.554286,0.348405,0.127526,0.039282,0.280782,0.529555,0.775824,0.758748,0.646146,0.844677,0.019066,7.99248,0,18.1,0,0.7,5.52,100,1.5331,24,666,20.2,396.9,24.56,12.3
0.832994,0.078242,0.698895,0.281596,0.855854,0.738921,0.62771,0.307087,0.021437,0.135262,0.216985,0.933266,0.109383,20.0849,0,18.1,0,0.7,4.368,91.2,1.4395,24,666,20.2,285.83,30.63,8.8
0.781943,0.028244,0.647396,0.602395,0.902857,0.28263,0.143964,0.516338,0.290641,0.454572,0.037366,0.027774,0.578034,16.8118,0,18.1,0,0.7,5.277,98.1,1.4261,24,666,20.2,396.9,30.81,7.2
0.421412,0.240186,0.337546,0.868568,0.316391,0.06521,0.413484,0.725073,0.367933,0.138764,0.347741,0.185579,0.377029,24.3938,0,18.1,0,0.7,4.652,100,1.4672,24,666,20.2,396.9,28.28,10.5
0.27769,0.602374,0.991184,0.229625,0.189378,0.57382,0.219705,0.580605,0.820369,0.459475,0.175373,0.515076,0.82396,22.5971,0,18.1,0,0.7,5,89.5,1.5184,24,666,20.2,396.9,31.99,7.4
0.590257,0.516168,0.03013,0.441778,0.205189,0.236763,0.768454,0.01686,0.090434,0.508669,0.254362,0.296836,0.319321,14.3337,0,18.1,0,0.7,4.88,100,1.5895,24,666,20.2,372.92,30.62,10.2
0.982505,0.671867,0.187143,0.11498,0.919603,0.186603,0.344368,0.237901,0.044052,0.040393,0.796213,0.242921,0.440708,8.15174,0,18.1,0,0.7,5.39,98.9,1.7281,24,666,20.2,396.9,20.85,11.5
0.70991,0.18328,0.726608,0.419115,0.36647,0.205978,0.057075,0.906381,0.395533,0.870453,0.341495,0.839446,0.639897,6.96215,0,18.1,0,0.7,5.713,97,1.9265,24,666,20.2,394.43,17.11,15.1
0.584207,0.256334,0.610565,0.558873,0.458319,0.123772,0.513661,0.347373,0.318912,0.954477,0.257338,0.324694,0.866955,5.29305,0,18.1,0,0.7,6.051,82.5,2.1678,24,666,20.2,378.38,18.76,23.2
0.679788,0.950264,0.586404,0.46866,0.478729,0.264262,0.894334,0.243825,0.96827,0.352378,0.667587,0.65818,0.840772,11.5779,0,18.1,0,0.7,5.036,97,1.77,24,666,20.2,396.9,25.68,9.7
0.439302,0.768649,0.569383,0.673845,0.09482,0.969511,0.951129,0.699796,0.33885,0.432002,0.560998,0.44171,0.554418,8.64476,0,18.1,0,0.693,6.193,92.6,1.7912,24,666,20.2,396.9,15.17,13.8
0.564184,0.554658,0.928973,0.828683,0.416663,0.634588,0.884202,0.05364,0.473561,0.942118,0.913458,0.189736,0.420243,13.3598,0,18.1,0,0.693,5.887,94.7,1.7821,24,666,20.2,396.9,16.35,12.7
0.904343,0.14473,0.742836,0.461974,0.903877,0.45693,0.162899,0.979442,0.069816,0.991814,0.075217,0.31365,0.244059,8.71675,0,18.1,0,0.693,6.471,98.8,1.7257,24,666,20.2,391.98,17.12,13.1
0.548179,0.314159,0.182721,0.248569,0.372998,0.218143,0.982333,0.187016,0.981008,0.678764,0.652762,0.304895,0.787537,5.87205,0,18.1,0,0.693,6.405,96,1.6768,24,666,20.2,396.9,19.37,12.5
0.104817,0.004868,0.666368,0.159614,0.044167,0.823156,0.810564,0.056413,0.393035,0.703655,0.193423,0.669054,0.897324,7.67202,0,18.1,0,0.693,5.747,98.9,1.6334,24,666,20.2,393.1,19.92,8.5
0.207592,0.610331,0.519144,0.030244,0.830903,0.12453,0.063418,0.381665,0.844203,0.054829,0.242052,0.393095,0.209502,38.3518,0,18.1,0,0.693,5.453,100,1.4896,24,666,20.2,396.9,30.59,5
0.040352,0.077139,0.706005,0.995561,0.81771,0.287023,0.317084,0.781913,0.048229,0.930664,0.663038,0.00845,0.986854,9.91655,0,18.1,0,0.693,5.852,77.8,1.5004,24,666,20.2,338.16,29.97,6.3
0.982473,0.811083,0.832676,0.381143,0.779395,0.799604,0.153489,0.419424,0.273618,0.843655,0.434301,0.453179,0.218864,25.0461,0,18.1,0,0.693,5.987,100,1.5888,24,666,20.2,396.9,26.77,5.6
0.617378,0.31368,0.485898,0.662032,0.412546,0.340861,0.047354,0.268458,0.973839,0.098043,0.646363,0.918495,0.26224,14.2362,0,18.1,0,0.693,6.343,100,1.5741,24,666,20.2,396.9,20.32,7.2
0.482891,0.260442,0.044116,0.114936,0.709682,0.343301,0.011109,0.053647,0.393965,0.002232,0.949606,0.091781,0.871589,9.59571,0,18.1,0,0.693,6.404,100,1.639,24,666,20.2,376.11,20.31,12.1
0.236548,0.424512,0.097017,0.544966,0.193239,0.998075,0.675599,0.040392,0.989916,0.640328,0.753832,0.755117,0.861263,24.8017,0,18.1,0,0.693,5.349,96,1.7028,24,666,20.2,396.9,19.77,8.3
0.838781,0.679947,0.366646,0.65518,0.919637,0.981914,0.308753,0.453541,0.972364,0.327739,0.710456,0.562247,0.042663,41.5292,0,18.1,0,0.693,5.531,85.4,1.6074,24,666,20.2,329.46,27.38,8.5
0.942083,0.941321,0.622968,0.100912,0.689924,0.682162,0.965981,0.437119,0.961684,0.979888,0.310224,0.166905,0.735729,67.9208,0,18.1,0,0.693,5.683,100,1.4254,24,666,20.2,384.97,22.98,5
0.732366,0.635549,0.178336,0.309775,0.486585,0.625084,0.576826,0.081564,0.242984,0.168179,0.266295,0.302201,0.595087,20.7162,0,18.1,0,0.659,4.138,100,1.1781,24,666,20.2,370.22,23.34,11.9
0.863842,0.40502,0.570688,0.702399,0.066527,0.080485,0.650865,0.242273,0.117968,0.183234,0.978686,0.177141,0.803334,11.9511,0,18.1,0,0.659,5.608,100,1.2852,24,666,20.2,332.09,12.13,27.9
0.022181,0.627265,0.493642,0.890515,0.945382,0.997346,0.327654,0.182685,0.336765,0.703337,0.093283,0.846792,0.746162,7.40389,0,18.1,0,0.597,5.617,97.9,1.4547,24,666,20.2,314.64,26.4,17.2
0.750313,0.846149,0.689242,0.801969,0.822379,0.017593,0.392901,0.696655,0.07851,0.829405,0.57542,0.383613,0.023198,14.4383,0,18.1,0,0.597,6.852,100,1.4655,24,666,20.2,179.36,19.78,27.5
0.981988,0.855852,0.718822,0.952254,0.229236,0.987379,0.375399,0.420741,0.75163,0.121816,0.960003,0.507366,0.288127,51.1358,0,18.1,0,0.597,5.757,100,1.413,24,666,20.2,2.6,10.11,15
0.801844,0.396082,0.399235,0.387123,0.798866,0.228063,0.962612,0.831046,0.367866,0.606152,0.459643,0.269968,0.722517,14.0507,0,18.1,0,0.597,6.657,100,1.5275,24,666,20.2,35.05,21.22,17.2
0.135869,0.811624,0.412297,0.22014,0.794991,0.605196,0.310241,0.647355,0.069085,0.423251,0.398523,0.811741,0.496996,18.811,0,18.1,0,0.597,4.628,100,1.5539,24,666,20.2,28.79,34.37,17.9
0.7683,0.629719,0.638359,0.414278,0.223851,0.827774,0.752426,0.427101,0.760941,0.224828,0.278947,0.650679,0.975476,28.6558,0,18.1,0,0.597,5.155,100,1.5894,24,666,20.2,210.97,20.08,16.3
0.472553,0.51509,0.150886,0.161042,0.06262,0.27832,0.371317,0.332785,0.737369,0.571877,0.51259,0.402483,0.583921,45.7461,0,18.1,0,0.693,4.519,100,1.6582,24,666,20.2,88.27,36.98,7
0.374014,0.096798,0.355331,0.219366,0.531543,0.295233,0.581102,0.88034,0.716361,0.413844,0.089437,0.893734,0.652908,18.0846,0,18.1,0,0.679,6.434,100,1.8347,24,666,20.2,27.25,29.05,7.2
0.467529,0.51742,0.326459,0.136794,0.350395,0.152568,0.592759,0.8258,0.199318,0.318419,0.890868,0.883489,0.407682,10.8342,0,18.1,0,0.679,6.782,90.8,1.8195,24,666,20.2,21.57,25.79,7.5
0.575216,0.449125,0.155007,0.806059,0.044044,0.881026,0.419265,0.798825,0.408753,0.013239,0.953024,0.78103,0.922337,25.9406,0,18.1,0,0.679,5.304,89.1,1.6475,24,666,20.2,127.36,26.64,10.4
0.83077,0.640803,0.764957,0.152013,0.382744,0.591375,0.070831,0.341105,0.944872,0.191879,0.273022,0.992909,0.874919,73.5341,0,18.1,0,0.679,5.957,100,1.8026,24,666,20.2,16.45,20.62,8.8
0.941314,0.615006,0.711701,0.409659,0.293263,0.563618,0.187248,0.324426,0.46965,0.54937,0.041031,0.67598,0.482919,11.8123,0,18.1,0,0.718,6.824,76.5,1.794,24,666,20.2,48.45,22.74,8.4
0.230886,0.904591,0.470845,0.878237,0.187045,0.189677,0.517545,0.398045,0.213655,0.941085,0.840075,0.461869,0.006451,11.0874,0,18.1,0,0.718,6.411,100,1.8589,24,666,20.2,318.75,15.02,16.7
0.581255,0.609824,0.525757,0.825508,0.797972,0.963742,0.140726,0.910659,0.489115,0.118905,0.043756,0.07118,0.668432,7.02259,0,18.1,0,0.718,6.006,95.3,1.8746,24,666,20.2,319.98,15.7,14.2
0.423281,0.142701,0.554946,0.398818,0.778614,0.334171,0.92725,0.353249,0.062321,0.07795,0.567844,0.993667,0.043568,12.0482,0,18.1,0,0.614,5.648,87.6,1.9512,24,666,20.2,291.55,14.1,20.8
0.509833,0.803174,0.400178,0.675352,0.490675,0.017239,0.567619,0.631896,0.616304,0.955263,0.299906,0.58606,0.743843,7.05042,0,18.1,0,0.614,6.103,85.1,2.0218,24,666,20.2,2.52,23.29,13.4
0.230425,0.471046,0.502248,0.97542,0.459913,0.651368,0.187599,0.68259,0.344372,0.140215,0.99341,0.967034,0.207418,8.79212,0,18.1,0,0.584,5.565,70.6,2.0635,24,666,20.2,3.65,17.16,11.7
0.166185,0.788154,0.659606,0.063412,0.712602,0.687714,0.571504,0.033307,0.22708,0.688342,0.51781,0.075246,0.257113,15.8603,0,18.1,0,0.679,5.896,95.4,1.9096,24,666,20.2,7.68,24.39,8.3
0.686561,0.010852,0.378648,0.087217,0.830498,0.588143,0.814907,0.774262,0.826885,0.851006,0.999448,0.729772,0.807626,12.2472,0,18.1,0,0.584,5.837,59.7,1.9976,24,666,20.2,24.65,15.69,10.2
0.957873,0.417353,0.623235,0.94599,0.762501,0.575533,0.612278,0.059235,0.600428,0.039793,0.262102,0.69295,0.187797,37.6619,0,18.1,0,0.679,6.202,78.7,1.8629,24,666,20.2,18.82,14.52,10.9
0.367227,0.114536,0.361741,0.037784,0.7185,0.866583,0.68631,0.194986,0.18914,0.505865,0.819869,0.705513,0.32304,7.36711,0,18.1,0,0.679,6.193,78.1,1.9356,24,666,20.2,96.73,21.52,11
0.208813,0.082778,0.176219,0.004235,0.396071,0.948646,0.214072,0.719758,0.862778,0.521339,0.525047,0.536994,0.857604,9.33889,0,18.1,0,0.679,6.38,95.6,1.9682,24,666,20.2,60.72,24.08,9.5
0.475686,0.775394,0.110627,0.562396,0.202428,0.645741,0.677259,0.685292,0.012344,0.66499,0.412627,0.986551,0.848009,8.49213,0,18.1,0,0.584,6.348,86.1,2.0527,24,666,20.2,83.45,17.64,14.5
0.737933,0.92341,0.460921,0.869305,0.42771,0.483416,0.833443,0.871011,0.120515,0.622543,0.690949,0.868199,0.135493,10.0623,0,18.1,0,0.584,6.833,94.3,2.0882,24,666,20.2,81.33,19.69,14.1
0.653904,0.930651,0.963365,0.099898,0.693837,0.907479,0.492788,0.527525,0.077703,0.569222,0.631667,0.62962,0.911844,6.44405,0,18.1,0,0.584,6.425,74.8,2.2004,24,666,20.2,97.95,12.03,16.1
0.487869,0.344259,0.729821,0.202431,0.68494,0.860073,0.307597,0.79443,0.705796,0.98714,0.035104,0.866614,0.380992,5.58107,0,18.1,0,0.713,6.436,87.9,2.3158,24,666,20.2,100.19,16.22,14.3
0.72493,0.989516,0.768065,0.718478,0.696936,0.8619,0.70458,0.411665,0.341817,0.632905,0.259862,0.509213,0.137143,13.9134,0,18.1,0,0.713,6.208,95,2.2222,24,666,20.2,100.63,15.17,11.7
0.159086,0.024757,0.266202,0.379516,0.008215,0.307611,0.572926,0.163388,0.809464,0.18351,0.575481,0.445718,0.824316,11.1604,0,18.1,0,0.74,6.629,94.6,2.1247,24,666,20.2,109.85,23.27,13.4
0.656595,0.133699,0.314757,0.103654,0.350435,0.039938,0.073297,0.499251,0.853899,0.895054,0.93845,0.314468,0.504392,14.4208,0,18.1,0,0.74,6.461,93.3,2.0026,24,666,20.2,27.49,18.05,9.6
0.684741,0.481995,0.986712,0.370665,0.774956,0.236899,0.458392,0.482746,0.467204,0.875019,0.615876,0.798958,0.680508,15.1772,0,18.1,0,0.74,6.152,100,1.9142,24,666,20.2,9.32,26.45,8.7
0.963148,0.747403,0.840044,0.529455,0.189967,0.206507,0.646734,0.054639,0.618571,0.432344,0.345825,0.10085,0.135784,13.6781,0,18.1,0,0.74,5.935,87.9,1.8206,24,666,20.2,68.95,34.02,8.4
0.879234,0.775517,0.990999,0.453253,0.639704,0.726784,0.500444,0.384901,0.968556,0.697726,0.924389,0.51669,0.990793,9.39063,0,18.1,0,0.74,5.627,93.9,1.8172,24,666,20.2,396.9,22.88,12.8
0.054837,0.192878,0.599696,0.878459,0.771872,0.119951,0.441573,0.761071,0.476944,0.498872,0.300725,0.170762,0.613951,22.0511,0,18.1,0,0.74,5.818,92.4,1.8662,24,666,20.2,391.45,22.11,10.5
0.116486,0.811064,0.61788,0.102246,0.18156,0.518123,0.776266,0.76851,0.294508,0.075277,0.040483,0.519696,0.769125,9.72418,0,18.1,0,0.74,6.406,97.2,2.0651,24,666,20.2,385.96,19.52,17.1
0.781894,0.240817,0.239584,0.925229,0.852142,0.455472,0.142609,0.548456,0.077383,0.880416,0.606547,0.926105,0.492993,5.66637,0,18.1,0,0.74,6.219,100,2.0048,24,666,20.2,395.69,16.59,18.4
0.232131,0.406301,0.208323,0.906234,0.910829,0.609751,0.7803,0.71561,0.394066,0.844836,0.370214,0.515586,0.800237,9.96654,0,18.1,0,0.74,6.485,100,1.9784,24,666,20.2,386.73,18.85,15.4
0.75976,0.711364,0.626327,0.662156,0.510422,0.597903,0.117059,0.878636,0.164554,0.672428,0.03689,0.430695,0.407003,12.8023,0,18.1,0,0.74,5.854,96.6,1.8956,24,666,20.2,240.52,23.79,10.8
0.988817,0.155165,0.532891,0.292594,0.428819,0.613823,0.400175,0.905538,0.435904,0.703872,0.284855,0.42205,0.115106,10.6718,0,18.1,0,0.74,6.459,94.8,1.9879,24,666,20.2,43.06,23.98,11.8
0.702225,0.718913,0.234426,0.093743,0.309309,0.185731,0.326574,0.245926,0.461619,0.938579,0.022507,0.637161,0.861664,6.28807,0,18.1,0,0.74,6.341,96.4,2.072,24,666,20.2,318.01,17.79,14.9
0.826156,0.982505,0.007111,0.698861,0.888343,0.558104,0.823275,0.476387,0.592797,0.362667,0.947626,0.754081,0.928288,9.92485,0,18.1,0,0.74,6.251,96.6,2.198,24,666,20.2,388.52,16.44,12.6
0.623247,0.824333,0.688294,0.71107,0.053692,0.506426,0.513257,0.457298,0.373448,0.868436,0.670332,0.360922,0.096218,9.32909,0,18.1,0,0.713,6.185,98.7,2.2616,24,666,20.2,396.9,18.13,14.1
0.251721,0.206659,0.01749,0.478772,0.165004,0.425545,0.06838,0.935806,0.887573,0.08003,0.544473,0.71639,0.462102,7.52601,0,18.1,0,0.713,6.417,98.3,2.185,24,666,20.2,304.21,19.31,13
0.466415,0.621568,0.621161,0.526397,0.568262,0.61933,0.24645,0.378723,0.555084,0.801947,0.591746,0.675383,0.823098,6.71772,0,18.1,0,0.713,6.749,92.6,2.3236,24,666,20.2,0.32,17.44,13.4
0.828571,0.359455,0.79361,0.087665,0.509691,0.107685,0.376294,0.220937,0.487959,0.485062,0.847847,0.73367,0.676643,5.44114,0,18.1,0,0.713,6.655,98.2,2.3552,24,666,20.2,355.29,17.73,15.2
0.608828,0.626032,0.792246,0.410728,0.864479,0.37569,0.882,0.441662,0.264595,0.634153,0.005538,0.365265,0.933023,5.09017,0,18.1,0,0.713,6.297,91.8,2.3682,24,666,20.2,385.09,17.27,16.1
0.913943,0.859438,0.119105,0.902305,0.949207,0.159681,0.911418,0.476429,0.673302,0.958497,0.068405,0.295285,0.928416,8.24809,0,18.1,0,0.713,7.393,99.3,2.4527,24,666,20.2,375.87,16.74,17.8
0.040983,0.742698,0.128565,0.560594,0.689019,0.108889,0.587664,0.40295,0.026518,0.962009,0.600274,0.192094,0.569666,9.51363,0,18.1,0,0.713,6.728,94.1,2.4961,24,666,20.2,6.68,18.71,14.9
0.808621,0.146813,0.507349,0.496035,0.113125,0.41368,0.965557,0.241535,0.013551,0.672363,0.095064,0.769257,0.804031,4.75237,0,18.1,0,0.713,6.525,86.5,2.4358,24,666,20.2,50.92,18.13,14.1
0.576039,0.026404,0.487588,0.058022,0.403764,0.858729,0.62443,0.145289,0.496376,0.082322,0.583153,0.176016,0.748569,4.66883,0,18.1,0,0.713,5.976,87.9,2.5806,24,666,20.2,10.48,19.01,12.7
0.825136,0.495027,0.644441,0.249696,0.919798,0.269967,0.438191,0.453126,0.961995,0.305607,0.213109,0.212498,0.942753,8.20058,0,18.1,0,0.713,5.936,80.3,2.7792,24,666,20.2,3.5,16.94,13.5
0.837339,0.47517,0.410636,0.719097,0.94912,0.678206,0.453449,0.693232,0.624742,0.29058,0.6286,0.642105,0.309206,7.75223,0,18.1,0,0.713,6.301,83.7,2.7831,24,666,20.2,272.21,16.23,14.9
0.975324,0.414139,0.922571,0.832126,0.653126,0.34177,0.794256,0.981018,0.068156,0.466071,0.223041,0.17004,0.572872,6.80117,0,18.1,0,0.713,6.081,84.4,2.7175,24,666,20.2,396.9,14.7,20
0.0123,0.219413,0.954243,0.751696,0.287976,0.849514,0.961856,0.101003,0.271098,0.865051,0.069683,0.416967,0.447115,4.81213,0,18.1,0,0.713,6.701,90,2.5975,24,666,20.2,255.23,16.42,16.4
0.513901,0.355038,0.75111,0.331071,0.404042,0.079777,0.970941,0.315339,0.365858,0.955614,0.559631,0.015636,0.741709,3.69311,0,18.1,0,0.713,6.376,88.4,2.5671,24,666,20.2,391.43,14.65,17.7
0.44382,0.685778,0.847889,0.161963,0.216872,0.708118,0.168185,0.443705,0.313218,0.648846,0.649107,0.292949,0.374771,6.65492,0,18.1,0,0.713,6.317,83,2.7344,24,666,20.2,396.9,13.99,19.5
0.454623,0.311293,0.040795,0.656188,0.636824,0.046389,0.819304,0.522716,0.183877,0.215396,0.531142,0.539344,0.817719,5.82115,0,18.1,0,0.713,6.513,89.9,2.8016,24,666,20.2,393.82,10.29,20.2
0.057096,0.123839,0.731349,0.361754,0.763949,0.239521,0.179191,0.812368,0.037096,0.264694,0.463913,0.7024,0.805388,7.83932,0,18.1,0,0.655,6.209,65.4,2.9634,24,666,20.2,396.9,13.22,21.4
0.399174,0.89684,0.808105,0.270379,0.770203,0.647411,0.624481,0.678907,0.662713,0.582267,0.162941,0.234861,0.785543,3.1636,0,18.1,0,0.655,5.759,48.2,3.0665,24,666,20.2,334.4,14.13,19.9
0.390251,0.287291,0.073568,0.035732,0.57001,0.672951,0.924787,0.976049,0.175424,0.71302,0.399124,0.463426,0.943086,3.77498,0,18.1,0,0.655,5.952,84.7,2.8715,24,666,20.2,22.01,17.15,19
0.586383,0.552925,0.242463,0.33404,0.136908,0.360335,0.050056,0.670045,0.640901,0.374915,0.337729,0.080136,0.140968,4.42228,0,18.1,0,0.584,6.003,94.5,2.5403,24,666,20.2,331.29,21.32,19.1
0.611427,0.058271,0.567347,0.027008,0.669535,0.949498,0.296423,0.230576,0.389378,0.413465,0.350502,0.471241,0.495878,15.5757,0,18.1,0,0.58,5.926,71,2.9084,24,666,20.2,368.74,18.13,19.1
0.980437,0.706662,0.818123,0.968826,0.502615,0.823575,0.497639,0.533008,0.297921,0.309853,0.976385,0.539383,0.822682,13.0751,0,18.1,0,0.58,5.713,56.7,2.8237,24,666,20.2,396.9,14.76,20.1
0.363022,0.394317,0.330234,0.794132,0.952748,0.189292,0.756634,0.903779,0.259015,0.65333,0.885164,0.315675,0.904676,4.34879,0,18.1,0,0.58,6.167,84,3.0334,24,666,20.2,396.9,16.29,19.9
0.471684,0.96625,0.115659,0.563415,0.486473,0.56993,0.361975,0.377479,0.008141,0.322551,0.898907,0.042937,0.591284,4.03841,0,18.1,0,0.532,6.229,90.7,3.0993,24,666,20.2,395.33,12.87,19.6
0.575486,0.16201,0.121946,0.87998,0.297839,0.123168,0.273601,0.030954,0.961784,0.90348,0.681232,0.005603,0.50204,3.56868,0,18.1,0,0.58,6.437,75,2.8965,24,666,20.2,393.37,14.36,23.2
0.564472,0.852024,0.776727,0.553061,0.123795,0.274988,0.678633,0.279238,0.250897,0.551339,0.129857,0.909877,0.511287,4.64689,0,18.1,0,0.614,6.98,67.6,2.5329,24,666,20.2,374.68,11.66,29.8
0.368226,0.544621,0.340434,0.897099,0.910574,0.702845,0.430232,0.822668,0.507544,0.323594,0.500419,0.94838,0.833054,8.05579,0,18.1,0,0.584,5.427,95.4,2.4298,24,666,20.2,352.58,18.14,13.8
0.104789,0.013311,0.353635,0.298975,0.814363,0.332934,0.34337,0.822408,0.718377,0.344007,0.936928,0.171444,0.68876,6.39312,0,18.1,0,0.584,6.162,97.4,2.206,24,666,20.2,302.76,24.1,13.3
0.44618,0.071514,0.264978,0.803904,0.905156,0.733645,0.333447,0.879255,0.953594,0.958003,0.999375,0.884061,0.721111,4.87141,0,18.1,0,0.614,6.484,93.6,2.3053,24,666,20.2,396.21,18.68,16.7
0.178792,0.681998,0.332006,0.704359,0.474609,0.401597,0.014996,0.611324,0.842995,0.753143,0.572662,0.239044,0.404936,15.0234,0,18.1,0,0.614,5.304,97.3,2.1007,24,666,20.2,349.48,24.91,12
0.142162,0.435089,0.512768,0.10451,0.761762,0.502387,0.842567,0.573607,0.247009,0.628685,0.850704,0.432373,0.275856,10.233,0,18.1,0,0.614,6.185,96.7,2.1705,24,666,20.2,379.7,18.03,14.6
0.406472,0.200347,0.383831,0.312386,0.792591,0.960988,0.778332,0.39606,0.551528,0.244684,0.495391,0.345249,0.847955,14.3337,0,18.1,0,0.614,6.229,88,1.9512,24,666,20.2,383.32,13.11,21.4
0.442774,0.847608,0.116286,0.757882,0.300005,0.398907,0.767134,0.709459,0.078965,0.713349,0.637656,0.380567,0.38791,5.82401,0,18.1,0,0.532,6.242,64.7,3.4242,24,666,20.2,396.9,10.74,23
0.688134,0.419397,0.087321,0.167536,0.170772,0.288642,0.077708,0.889424,0.126577,0.89446,0.417536,0.181836,0.602326,5.70818,0,18.1,0,0.532,6.75,74.9,3.3317,24,666,20.2,393.07,7.74,23.7
0.833663,0.23194,0.421995,0.692161,0.957224,0.246928,0.69566,0.704596,0.294625,0.589008,0.503781,0.806864,0.026327,5.73116,0,18.1,0,0.532,7.061,77,3.4106,24,666,20.2,395.28,7.01,25
0.35588,0.458337,0.215373,0.656045,0.090046,0.644847,0.903084,0.83641,0.853289,0.975438,0.871155,0.144624,0.682694,2.81838,0,18.1,0,0.532,5.762,40.3,4.0983,24,666,20.2,392.92,10.42,21.8
0.557338,0.348892,0.993414,0.57366,0.726204,0.375502,0.97197,0.598574,0.016953,0.657401,0.471906,0.221027,0.417007,2.37857,0,18.1,0,0.583,5.871,41.9,3.724,24,666,20.2,370.73,13.34,20.6
0.513785,0.335928,0.043138,0.230571,0.902599,0.310538,0.351122,0.349356,0.793078,0.969077,0.040446,0.019454,0.257003,3.67367,0,18.1,0,0.583,6.312,51.9,3.9917,24,666,20.2,388.62,10.58,21.2
0.472312,0.491345,0.036513,0.54032,0.377238,0.48935,0.703526,0.306294,0.992777,0.664086,0.387788,0.448012,0.542387,5.69175,0,18.1,0,0.583,6.114,79.8,3.5459,24,666,20.2,392.68,14.98,19.1
0.084682,0.714308,0.143277,0.831177,0.308824,0.635191,0.814005,0.159799,0.520594,0.668869,0.241916,0.692933,0.320143,4.83567,0,18.1,0,0.583,5.905,53.2,3.1523,24,666,20.2,388.22,11.45,20.6
0.36598,0.35514,0.877051,0.37042,0.632368,0.068158,0.44368,0.880232,0.988095,0.255139,0.086415,0.903237,0.292336,0.15086,0,27.74,0,0.609,5.454,92.7,1.8209,4,711,20.1,395.09,18.06,15.2
0.961352,0.883193,0.845515,0.655547,0.559651,0.295966,0.163019,0.935042,0.352621,0.244296,0.953427,0.624819,0.177764,0.18337,0,27.74,0,0.609,5.414,98.3,1.7554,4,711,20.1,344.05,23.97,7
0.500361,0.506243,0.524372,0.070032,0.292605,0.490716,0.60092,0.21304,0.798882,0.837472,0.696357,0.73319,0.741688,0.20746,0,27.74,0,0.609,5.093,98,1.8226,4,711,20.1,318.43,29.68,8.1
0.883548,0.093943,0.08885,0.365947,0.555509,0.107066,0.251954,0.898315,0.633678,0.427432,0.657596,0.566048,0.542389,0.10574,0,27.74,0,0.609,5.983,98.8,1.8681,4,711,20.1,390.11,18.07,13.6
0.940362,0.267042,0.204818,0.469152,0.495738,0.139384,0.383062,0.374967,0.026655,0.524592,0.65865,0.214039,0.019101,0.11132,0,27.74,0,0.609,5.983,83.5,2.1099,4,711,20.1,396.9,13.35,20.1
0.229668,0.428157,0.790296,0.848724,0.486803,0.949712,0.867115,0.675952,0.022991,0.372066,0.973021,0.347189,0.330021,0.17331,0,9.69,0,0.585,5.707,54,2.3817,6,391,19.2,396.9,12.01,21.8
0.828471,0.841679,0.940277,0.116644,0.302797,0.393641,0.182976,0.636957,0.19482,0.259214,0.041619,0.813621,0.064949,0.27957,0,9.69,0,0.585,5.926,42.6,2.3817,6,391,19.2,396.9,13.59,24.5
0.82302,0.554405,0.093285,0.264248,0.47815,0.718338,0.896259,0.573335,0.451161,0.216698,0.598583,0.496698,0.875364,0.17899,0,9.69,0,0.585,5.67,28.8,2.7986,6,391,19.2,393.29,17.6,23.1
0.227806,0.091162,0.783533,0.558072,0.675527,0.668592,0.754817,0.180488,0.052321,0.10743,0.081657,0.428613,0.25269,0.2896,0,9.69,0,0.585,5.39,72.9,2.7986,6,391,19.2,396.9,21.14,19.7
0.107504,0.989395,0.941861,0.340982,0.859752,0.597549,0.97802,0.353432,0.482189,0.957941,0.491557,0.97667,0.257405,0.26838,0,9.69,0,0.585,5.794,70.6,2.8927,6,391,19.2,396.9,14.1,18.3
0.457178,0.55356,0.201972,0.968181,0.615236,0.495095,0.315852,0.539193,0.025387,0.216249,0.572366,0.508893,0.368695,0.23912,0,9.69,0,0.585,6.019,65.3,2.4091,6,391,19.2,396.9,12.92,21.2
0.646179,0.836324,0.353567,0.676974,0.19418,0.497073,0.226394,0.057563,0.227701,0.90981,0.439546,0.445825,0.744475,0.17783,0,9.69,0,0.585,5.569,73.5,2.3999,6,391,19.2,395.77,15.1,17.5
0.987373,0.082912,0.324813,0.091262,0.785117,0.072754,0.838881,0.954928,0.736153,0.017098,0.760598,0.075031,0.809735,0.22438,0,9.69,0,0.585,6.027,79.7,2.4982,6,391,19.2,396.9,14.33,16.8
0.838552,0.423363,0.534418,0.215346,0.035455,0.078412,0.801621,0.46762,0.715054,0.787081,0.769243,0.175341,0.029049,0.06263,0,11.93,0,0.573,6.593,69.1,2.4786,1,273,21,391.99,9.67,22.4
0.95707,0.852536,0.33644,0.517798,0.333667,0.755345,0.273855,0.062492,0.308729,0.942471,0.787826,0.022586,0.065379,0.04527,0,11.93,0,0.573,6.12,76.7,2.2875,1,273,21,396.9,9.08,20.6
0.038568,0.809151,0.593635,0.057473,0.589724,0.507051,0.119305,0.462262,0.709684,0.307335,0.361797,0.052654,0.927425,0.06076,0,11.93,0,0.573,6.976,91,2.1675,1,273,21,396.9,5.64,23.9
0.199874,0.434272,0.209508,0.494747,0.876095,0.550311,0.254705,0.642297,0.828747,0.201237,0.438885,0.588257,0.604278,0.10959,0,11.93,0,0.573,6.794,89.3,2.3889,1,273,21,393.45,6.48,22
0.885157,0.759896,0.073785,0.368307,0.982932,0.858064,0.353853,0.76669,0.434391,0.156515,0.415047,0.011711,0.568051,0.04741,0,11.93,0,0.573,6.03,80.8,2.505,1,273,21,396.9,7.88,11.9
